   9.99999978E-03 ,  0.160000011     ,   9.99999978E-03
   8.50000009E-02 ,  0.460000008     ,  0.160000011    
  0.160000011     ,  0.610000014     ,  0.235000014    
  0.235000014     ,  0.760000050     ,  0.310000002    
  0.310000002     ,  0.835000038     ,  0.385000020    
  0.385000020     ,  0.985000014     ,  0.460000008    
  0.460000008     ,   1.06000006     ,  0.535000026    
  0.535000026     ,   1.21000004     ,  0.610000014    
  0.610000014     ,   1.28500009     ,  0.610000014    
  0.685000002     ,   1.43500006     ,  0.685000002    
  0.760000050     ,   1.51000011     ,  0.760000050    
  0.835000038     ,   1.58500004     ,  0.835000038    
  0.910000026     ,   1.66000009     ,  0.910000026    
  0.985000014     ,   1.81000006     ,  0.985000014    
   1.06000006     ,   1.88500011     ,   1.06000006    
   1.13499999     ,   1.96000004     ,   1.13499999    
   1.21000004     ,   2.03500009     ,   1.21000004    
   1.28500009     ,   2.18500018     ,   1.28500009    
   1.36000001     ,   2.25999999     ,   1.36000001    
   1.43500006     ,   2.33500004     ,   1.36000001    
   1.51000011     ,   2.41000009     ,   1.43500006    
   1.58500004     ,   2.48500013     ,   1.51000011    
   1.66000009     ,   2.56000018     ,   1.58500004    
   1.73500001     ,   2.71000004     ,   1.66000009    
   1.81000006     ,   2.78500009     ,   1.73500001    
   1.88500011     ,   2.86000013     ,   1.81000006    
   1.96000004     ,   2.93500018     ,   1.88500011    
   2.03500009     ,   3.01000023     ,   1.96000004    
   2.11000013     ,   3.08500004     ,   2.03500009    
   2.18500018     ,   3.16000009     ,   2.11000013    
   2.25999999     ,   3.31000018     ,   2.18500018    
   2.33500004     ,   3.38500023     ,   2.25999999    
   2.41000009     ,   3.46000004     ,   2.33500004    
   2.48500013     ,   3.53500009     ,   2.41000009    
   2.56000018     ,   3.61000013     ,   2.48500013    
   2.63499999     ,   3.68500018     ,   2.56000018    
   2.71000004     ,   3.76000023     ,   2.63499999    
   2.78500009     ,   3.83500004     ,   2.63499999    
   2.86000013     ,   3.91000009     ,   2.71000004    
   2.93500018     ,   3.98500013     ,   2.78500009    
   3.01000023     ,   4.13500023     ,   2.86000013    
   3.08500004     ,   4.21000004     ,   2.93500018    
   3.16000009     ,   4.28500032     ,   3.01000023    
   3.23500013     ,   4.36000013     ,   3.08500004    
   3.31000018     ,   4.43499994     ,   3.16000009    
   3.38500023     ,   4.51000023     ,   3.23500013    
   3.46000004     ,   4.58500004     ,   3.31000018    
   3.53500009     ,   4.66000032     ,   3.38500023    
   3.61000013     ,   4.73500013     ,   3.46000004    
   3.68500018     ,   4.81000042     ,   3.53500009    
   3.76000023     ,   4.88500023     ,   3.61000013    
   3.83500004     ,   4.96000004     ,   3.68500018    
   3.91000009     ,   5.03500032     ,   3.68500018    
   3.98500013     ,   5.11000013     ,   3.76000023    
   4.05999994     ,   5.26000023     ,   3.83500004    
   4.13500023     ,   5.33500004     ,   3.91000009    
   4.21000004     ,   5.41000032     ,   3.98500013    
   4.28500032     ,   5.48500013     ,   4.05999994    
   4.36000013     ,   5.56000042     ,   4.13500023    
   4.43499994     ,   5.63500023     ,   4.21000004    
   4.51000023     ,   5.71000004     ,   4.28500032    
   4.58500004     ,   5.78500032     ,   4.36000013    
   4.66000032     ,   5.86000013     ,   4.43499994    
   4.73500013     ,   5.93500042     ,   4.51000023    
   4.81000042     ,   6.01000023     ,   4.58500004    
   4.88500023     ,   6.08500004     ,   4.66000032    
   4.96000004     ,   6.16000032     ,   4.73500013    
   5.03500032     ,   6.23500013     ,   4.73500013    
   5.11000013     ,   6.31000042     ,   4.81000042    
   5.18500042     ,   6.38500023     ,   4.88500023    
   5.26000023     ,   6.46000004     ,   4.96000004    
   5.33500004     ,   6.53500032     ,   5.03500032    
   5.41000032     ,   6.61000013     ,   5.11000013    
   5.48500013     ,   6.68500042     ,   5.18500042    
   5.56000042     ,   6.83500004     ,   5.26000023    
   5.63500023     ,   6.91000032     ,   5.33500004    
   5.71000004     ,   6.98500013     ,   5.41000032    
   5.78500032     ,   7.06000042     ,   5.48500013    
   5.86000013     ,   7.13500023     ,   5.56000042    
   5.93500042     ,   7.21000051     ,   5.63500023    
   6.01000023     ,   7.28500032     ,   5.71000004    
   6.08500004     ,   7.36000013     ,   5.78500032    
   6.16000032     ,   7.43500042     ,   5.78500032    
   6.23500013     ,   7.51000023     ,   5.86000013    
   6.31000042     ,   7.58500051     ,   5.93500042    
   6.38500023     ,   7.66000032     ,   6.01000023    
   6.46000004     ,   7.73500013     ,   6.08500004    
   6.53500032     ,   7.81000042     ,   6.16000032    
   6.61000013     ,   7.88500023     ,   6.23500013    
   6.68500042     ,   7.96000051     ,   6.31000042    
   6.76000023     ,   8.03499985     ,   6.38500023    
   6.83500004     ,   8.11000061     ,   6.46000004    
   6.91000032     ,   8.18500042     ,   6.53500032    
   6.98500013     ,   8.26000023     ,   6.61000013    
   7.06000042     ,   8.33500004     ,   6.68500042    
   7.13500023     ,   8.41000080     ,   6.76000023    
   7.21000051     ,   8.48500061     ,   6.83500004    
   7.28500032     ,   8.56000042     ,   6.83500004    
   7.36000013     ,   8.63500023     ,   6.91000032    
   7.43500042     ,   8.71000004     ,   6.98500013    
   7.51000023     ,   8.78500080     ,   7.06000042    
   7.58500051     ,   8.86000061     ,   7.13500023    
   7.66000032     ,   8.93500042     ,   7.21000051    
   7.73500013     ,   9.01000023     ,   7.28500032    
   7.81000042     ,   9.08500004     ,   7.36000013    
   7.88500023     ,   9.16000080     ,   7.43500042    
   7.96000051     ,   9.23500061     ,   7.51000023    
   8.03499985     ,   9.31000042     ,   7.58500051    
   8.11000061     ,   9.38500023     ,   7.66000032    
   8.18500042     ,   9.46000004     ,   7.73500013    
   8.26000023     ,   9.53500080     ,   7.81000042    
   8.33500004     ,   9.61000061     ,   7.88500023    
   8.41000080     ,   9.76000023     ,   7.96000051    
   8.48500061     ,   9.83500004     ,   7.96000051    
   8.56000042     ,   9.91000080     ,   8.03499985    
   8.63500023     ,   9.98500061     ,   8.11000061    
   8.71000004     ,   10.0600004     ,   8.18500042    
   8.78500080     ,   10.1350002     ,   8.26000023    
   8.86000061     ,   10.2100000     ,   8.33500004    
   8.93500042     ,   10.2850008     ,   8.41000080    
   9.01000023     ,   10.3600006     ,   8.48500061    
   9.08500004     ,   10.4350004     ,   8.56000042    
   9.16000080     ,   10.5100002     ,   8.63500023    
   9.23500061     ,   10.5850000     ,   8.71000004    
   9.31000042     ,   10.6600008     ,   8.78500080    
   9.38500023     ,   10.7350006     ,   8.86000061    
   9.46000004     ,   10.8100004     ,   8.93500042    
   9.53500080     ,   10.8850002     ,   9.01000023    
   9.61000061     ,   10.9600000     ,   9.08500004    
   9.68500042     ,   11.0350008     ,   9.08500004    
   9.76000023     ,   11.1100006     ,   9.16000080    
   9.83500004     ,   11.1850004     ,   9.23500061    
   9.91000080     ,   11.2600002     ,   9.31000042    
   9.98500061     ,   11.3350000     ,   9.38500023    
   10.0600004     ,   11.4100008     ,   9.46000004    
   10.1350002     ,   11.4850006     ,   9.53500080    
   10.2100000     ,   11.5600004     ,   9.61000061    
   10.2850008     ,   11.6350002     ,   9.68500042    
   10.3600006     ,   11.7100000     ,   9.76000023    
   10.4350004     ,   11.7850008     ,   9.83500004    
   10.5100002     ,   11.8600006     ,   9.91000080    
   10.5850000     ,   11.9350004     ,   9.98500061    
   10.6600008     ,   12.0100002     ,   10.0600004    
   10.7350006     ,   12.0850000     ,   10.1350002    
   10.8100004     ,   12.1600008     ,   10.1350002    
   10.8850002     ,   12.2350006     ,   10.2100000    
   10.9600000     ,   12.3100004     ,   10.2850008    
   11.0350008     ,   12.3850002     ,   10.3600006    
   11.1100006     ,   12.4600000     ,   10.4350004    
   11.1850004     ,   12.5350008     ,   10.5100002    
   11.2600002     ,   12.6100006     ,   10.5850000    
   11.3350000     ,   12.6850004     ,   10.6600008    
   11.4100008     ,   12.7600002     ,   10.7350006    
   11.4850006     ,   12.8350000     ,   10.8100004    
   11.5600004     ,   12.9100008     ,   10.8850002    
   11.6350002     ,   12.9850006     ,   10.9600000    
   11.7100000     ,   13.0600004     ,   11.0350008    
   11.7850008     ,   13.1350002     ,   11.1100006    
   11.8600006     ,   13.2100010     ,   11.1850004    
   11.9350004     ,   13.2850008     ,   11.2600002    
   12.0100002     ,   13.3600006     ,   11.2600002    
   12.0850000     ,   13.4350004     ,   11.3350000    
   12.1600008     ,   13.5100002     ,   11.4100008    
   12.2350006     ,   13.5850010     ,   11.4850006    
   12.3100004     ,   13.6600008     ,   11.5600004    
   12.3850002     ,   13.7350006     ,   11.6350002    
   12.4600000     ,   13.8100004     ,   11.7100000    
   12.5350008     ,   13.8850002     ,   11.7850008    
   12.6100006     ,   13.9600010     ,   11.8600006    
   12.6850004     ,   14.0350008     ,   11.9350004    
   12.7600002     ,   14.1100006     ,   12.0100002    
   12.8350000     ,   14.1850004     ,   12.0850000    
   12.9100008     ,   14.2600002     ,   12.1600008    
   12.9850006     ,   14.3350010     ,   12.2350006    
   13.0600004     ,   14.4100008     ,   12.3100004    
   13.1350002     ,   14.4850006     ,   12.3850002    
   13.2100010     ,   14.5600004     ,   12.3850002    
   13.2850008     ,   14.6350002     ,   12.4600000    
   13.3600006     ,   14.7100010     ,   12.5350008    
   13.4350004     ,   14.7850008     ,   12.6100006    
   13.5100002     ,   14.8600006     ,   12.6850004    
   13.5850010     ,   14.9350004     ,   12.7600002    
   13.6600008     ,   15.0100002     ,   12.8350000    
   13.7350006     ,   15.0850010     ,   12.9100008    
   13.8100004     ,   15.1600008     ,   12.9850006    
   13.8850002     ,   15.2350006     ,   13.0600004    
   13.9600010     ,   15.3100004     ,   13.1350002    
   14.0350008     ,   15.3850002     ,   13.2100010    
   14.1100006     ,   15.4600010     ,   13.2850008    
   14.1850004     ,   15.5350008     ,   13.3600006    
   14.2600002     ,   15.6100006     ,   13.4350004    
   14.3350010     ,   15.6850004     ,   13.4350004    
   14.4100008     ,   15.7600002     ,   13.5100002    
   14.4850006     ,   15.8350010     ,   13.5850010    
   14.5600004     ,   15.9100008     ,   13.6600008    
   14.6350002     ,   15.9850006     ,   13.7350006    
   14.7100010     ,   16.0600014     ,   13.8100004    
   14.7850008     ,   16.1350002     ,   13.8850002    
   14.8600006     ,   16.2100010     ,   13.9600010    
   14.9350004     ,   16.2849998     ,   14.0350008    
   15.0100002     ,   16.3600006     ,   14.1100006    
   15.0850010     ,   16.4350014     ,   14.1850004    
   15.1600008     ,   16.5100002     ,   14.2600002    
   15.2350006     ,   16.5850010     ,   14.3350010    
   15.3100004     ,   16.6599998     ,   14.4100008    
   15.3850002     ,   16.7350006     ,   14.4850006    
   15.4600010     ,   16.8100014     ,   14.5600004    
   15.5350008     ,   16.8850002     ,   14.5600004    
   15.6100006     ,   16.9600010     ,   14.6350002    
   15.6850004     ,   17.0349998     ,   14.7100010    
   15.7600002     ,   17.1100006     ,   14.7850008    
   15.8350010     ,   17.1850014     ,   14.8600006    
   15.9100008     ,   17.2600002     ,   14.9350004    
   15.9850006     ,   17.3350010     ,   15.0100002    
   16.0600014     ,   17.4099998     ,   15.0850010    
   16.1350002     ,   17.4850006     ,   15.1600008    
   16.2100010     ,   17.5600014     ,   15.2350006    
   16.2849998     ,   17.6350002     ,   15.3100004    
   16.3600006     ,   17.7100010     ,   15.3850002    
   16.4350014     ,   17.7849998     ,   15.4600010    
   16.5100002     ,   17.8600006     ,   15.5350008    
   16.5850010     ,   17.9350014     ,   15.6100006    
   16.6599998     ,   18.0100002     ,   15.6850004    
   16.7350006     ,   18.0850010     ,   15.7600002    
   16.8100014     ,   18.1599998     ,   15.7600002    
   16.8850002     ,   18.2350006     ,   15.8350010    
   16.9600010     ,   18.3100014     ,   15.9100008    
   17.0349998     ,   18.3850002     ,   15.9850006    
   17.1100006     ,   18.4600010     ,   16.0600014    
   17.1850014     ,   18.5349998     ,   16.1350002    
   17.2600002     ,   18.6100006     ,   16.2100010    
   17.3350010     ,   18.6850014     ,   16.2849998    
   17.4099998     ,   18.7600002     ,   16.3600006    
   17.4850006     ,   18.8350010     ,   16.4350014    
   17.5600014     ,   18.9099998     ,   16.5100002    
   17.6350002     ,   18.9850006     ,   16.5850010    
   17.7100010     ,   19.0600014     ,   16.6599998    
   17.7849998     ,   19.0600014     ,   16.7350006    
   17.8600006     ,   19.2100010     ,   16.8100014    
   17.9350014     ,   19.2100010     ,   16.8850002    
   18.0100002     ,   19.2849998     ,   16.8850002    
   18.0850010     ,   19.3600006     ,   16.9600010    
   18.1599998     ,   19.4350014     ,   17.0349998    
   18.2350006     ,   19.5100002     ,   17.1100006    
   18.3100014     ,   19.5850010     ,   17.1850014    
   18.3850002     ,   19.6599998     ,   17.2600002    
   18.4600010     ,   19.7350006     ,   17.3350010    
   18.5349998     ,   19.8100014     ,   17.4099998    
   18.6100006     ,   19.8850002     ,   17.4850006    
   18.6850014     ,   19.9600010     ,   17.5600014    
   18.7600002     ,   20.0349998     ,   17.6350002    
   18.8350010     ,   20.1100006     ,   17.7100010    
   18.9099998     ,   20.1850014     ,   17.7849998    
   18.9850006     ,   20.2600002     ,   17.8600006    
   19.0600014     ,   20.3350010     ,   17.9350014    
   19.1350002     ,   20.4100018     ,   18.0100002    
   19.2100010     ,   20.4850006     ,   18.0850010    
   19.2849998     ,   20.5600014     ,   18.0850010    
   19.3600006     ,   20.6350002     ,   18.1599998    
   19.4350014     ,   20.7100010     ,   18.2350006    
   19.5100002     ,   20.7850018     ,   18.3100014    
   19.5850010     ,   20.8600006     ,   18.3850002    
   19.6599998     ,   20.9350014     ,   18.4600010    
   19.7350006     ,   21.0100002     ,   18.5349998    
   19.8100014     ,   21.0850010     ,   18.6100006    
   19.8850002     ,   21.1600018     ,   18.6850014    
   19.9600010     ,   21.2350006     ,   18.7600002    
   20.0349998     ,   21.3100014     ,   18.8350010    
   20.1100006     ,   21.3850002     ,   18.9099998    
   20.1850014     ,   21.4600010     ,   18.9850006    
   20.2600002     ,   21.5350018     ,   19.0600014    
   20.3350010     ,   21.6100006     ,   19.1350002    
   20.4100018     ,   21.6850014     ,   19.2100010    
   20.4850006     ,   21.7600002     ,   19.2100010    
   20.5600014     ,   21.8350010     ,   19.2849998    
   20.6350002     ,   21.9100018     ,   19.3600006    
   20.7100010     ,   21.9850006     ,   19.4350014    
   20.7850018     ,   22.0600014     ,   19.5100002    
   20.8600006     ,   22.1350002     ,   19.5850010    
   20.9350014     ,   22.2100010     ,   19.6599998    
   21.0100002     ,   22.2850018     ,   19.7350006    
   21.0850010     ,   22.3600006     ,   19.8100014    
   21.1600018     ,   22.4350014     ,   19.8850002    
   21.2350006     ,   22.5100002     ,   19.9600010    
   21.3100014     ,   22.5850010     ,   20.0349998    
   21.3850002     ,   22.6600018     ,   20.1100006    
   21.4600010     ,   22.7350006     ,   20.1850014    
   21.5350018     ,   22.8100014     ,   20.2600002    
   21.6100006     ,   22.8850002     ,   20.2600002    
   21.6850014     ,   22.9600010     ,   20.3350010    
   21.7600002     ,   23.0350018     ,   20.4100018    
   21.8350010     ,   23.1100006     ,   20.4850006    
   21.9100018     ,   23.1850014     ,   20.5600014    
   21.9850006     ,   23.2600002     ,   20.6350002    
   22.0600014     ,   23.3350010     ,   20.7100010    
   22.1350002     ,   23.4100018     ,   20.7850018    
   22.2100010     ,   23.4850006     ,   20.8600006    
   22.2850018     ,   23.5600014     ,   20.9350014    
   22.3600006     ,   23.6350002     ,   21.0100002    
   22.4350014     ,   23.7100010     ,   21.0850010    
   22.5100002     ,   23.7850018     ,   21.1600018    
   22.5850010     ,   23.8600006     ,   21.2350006    
   22.6600018     ,   23.9350014     ,   21.3100014    
   22.7350006     ,   24.0100002     ,   21.3850002    
   22.8100014     ,   24.0850010     ,   21.3850002    
   22.8850002     ,   24.1600018     ,   21.4600010    
   22.9600010     ,   24.2350006     ,   21.5350018    
   23.0350018     ,   24.3100014     ,   21.6100006    
   23.1100006     ,   24.3850002     ,   21.6850014    
   23.1850014     ,   24.4600010     ,   21.7600002    
   23.2600002     ,   24.4600010     ,   21.8350010    
   23.3350010     ,   24.5350018     ,   21.9100018    
   23.4100018     ,   24.6100006     ,   21.9850006    
   23.4850006     ,   24.6850014     ,   22.0600014    
   23.5600014     ,   24.7600002     ,   22.1350002    
   23.6350002     ,   24.8350010     ,   22.2100010    
   23.7100010     ,   24.9100018     ,   22.2850018    
   23.7850018     ,   24.9850006     ,   22.3600006    
   23.8600006     ,   25.0600014     ,   22.4350014    
   23.9350014     ,   25.1350002     ,   22.5100002    
   24.0100002     ,   25.2100010     ,   22.5850010    
   24.0850010     ,   25.2850018     ,   22.5850010    
   24.1600018     ,   25.3600006     ,   22.6600018    
   24.2350006     ,   25.4350014     ,   22.7350006    
   24.3100014     ,   25.5100002     ,   22.8100014    
   24.3850002     ,   25.5850010     ,   22.8850002    
   24.4600010     ,   25.6600018     ,   22.9600010    
   24.5350018     ,   25.7350006     ,   23.0350018    
   24.6100006     ,   25.8100014     ,   23.1100006    
   24.6850014     ,   25.8850002     ,   23.1850014    
   24.7600002     ,   25.9600010     ,   23.2600002    
   24.8350010     ,   26.0350018     ,   23.3350010    
   24.9100018     ,   26.1100006     ,   23.4100018    
   24.9850006     ,   26.1850014     ,   23.4850006    
   25.0600014     ,   26.2600002     ,   23.5600014    
   25.1350002     ,   26.3350010     ,   23.6350002    
   25.2100010     ,   26.4100018     ,   23.7100010    
   25.2850018     ,   26.4850006     ,   23.7850018    
   25.3600006     ,   26.5600014     ,   23.7850018    
   25.4350014     ,   26.6350002     ,   23.8600006    
   25.5100002     ,   26.7100010     ,   23.9350014    
   25.5850010     ,   26.7850018     ,   24.0100002    
   25.6600018     ,   26.8600006     ,   24.0850010    
   25.7350006     ,   26.9350014     ,   24.1600018    
   25.8100014     ,   27.0100002     ,   24.2350006    
   25.8850002     ,   27.0850010     ,   24.3100014    
   25.9600010     ,   27.1600018     ,   24.3850002    
   26.0350018     ,   27.2350006     ,   24.4600010    
   26.1100006     ,   27.3100014     ,   24.5350018    
   26.1850014     ,   27.3850002     ,   24.6100006    
   26.2600002     ,   27.4600010     ,   24.6850014    
   26.3350010     ,   27.5350018     ,   24.7600002    
   26.4100018     ,   27.6100006     ,   24.8350010    
   26.4850006     ,   27.6850014     ,   24.9100018    
   26.5600014     ,   27.7600002     ,   24.9850006    
   26.6350002     ,   27.8350010     ,   24.9850006    
   26.7100010     ,   27.9100018     ,   25.0600014    
   26.7850018     ,   27.9850006     ,   25.1350002    
   26.8600006     ,   28.0600014     ,   25.2100010    
   26.9350014     ,   28.1350002     ,   25.2850018    
   27.0100002     ,   28.2100010     ,   25.3600006    
   27.0850010     ,   28.2850018     ,   25.4350014    
   27.1600018     ,   28.3600006     ,   25.5100002    
   27.2350006     ,   28.4350014     ,   25.5850010    
   27.3100014     ,   28.4350014     ,   25.6600018    
   27.3850002     ,   28.5100002     ,   25.7350006    
   27.4600010     ,   28.5850010     ,   25.8100014    
   27.5350018     ,   28.6600018     ,   25.8850002    
   27.6100006     ,   28.7350006     ,   25.9600010    
   27.6850014     ,   28.8100014     ,   26.0350018    
   27.7600002     ,   28.8850002     ,   26.1100006    
   27.8350010     ,   28.9600010     ,   26.1850014    
   27.9100018     ,   29.0350018     ,   26.2600002    
   27.9850006     ,   29.1100006     ,   26.2600002    
   28.0600014     ,   29.1850014     ,   26.3350010    
   28.1350002     ,   29.2600002     ,   26.4100018    
   28.2100010     ,   29.3350010     ,   26.4850006    
   28.2850018     ,   29.4100018     ,   26.5600014    
   28.3600006     ,   29.4850006     ,   26.6350002    
   28.4350014     ,   29.5600014     ,   26.7100010    
   28.5100002     ,   29.6350002     ,   26.7850018    
   28.5850010     ,   29.7100010     ,   26.8600006    
   28.6600018     ,   29.7850018     ,   26.9350014    
   28.7350006     ,   29.8600006     ,   27.0100002    
   28.8100014     ,   29.9350014     ,   27.0850010    
   28.8850002     ,   30.0100021     ,   27.1600018    
   28.9600010     ,   30.0850010     ,   27.2350006    
   29.0350018     ,   30.1600018     ,   27.3100014    
   29.1100006     ,   30.2350006     ,   27.3100014    
   29.1850014     ,   30.3100014     ,   27.3850002    
   29.2600002     ,   30.3850021     ,   27.4600010    
   29.3350010     ,   30.4600010     ,   27.5350018    
   29.4100018     ,   30.5350018     ,   27.6100006    
   29.4850006     ,   30.6100006     ,   27.6850014    
   29.5600014     ,   30.6850014     ,   27.7600002    
   29.6350002     ,   30.7600021     ,   27.8350010    
   29.7100010     ,   30.8350010     ,   27.9100018    
   29.7850018     ,   30.9100018     ,   27.9850006    
   29.8600006     ,   30.9850006     ,   28.0600014    
   29.9350014     ,   31.0600014     ,   28.1350002    
   30.0100021     ,   31.1350021     ,   28.2100010    
   30.0850010     ,   31.2100010     ,   28.2850018    
   30.1600018     ,   31.2850018     ,   28.3600006    
   30.2350006     ,   31.3600006     ,   28.4350014    
   30.3100014     ,   31.4350014     ,   28.5100002    
   30.3850021     ,   31.5100021     ,   28.5850010    
   30.4600010     ,   31.5850010     ,   28.5850010    
   30.5350018     ,   31.6600018     ,   28.6600018    
   30.6100006     ,   31.7350006     ,   28.7350006    
   30.6850014     ,   31.8100014     ,   28.8100014    
   30.7600021     ,   31.8100014     ,   28.8850002    
   30.8350010     ,   31.8850021     ,   28.9600010    
   30.9100018     ,   31.9600010     ,   29.0350018    
   30.9850006     ,   32.0349998     ,   29.1100006    
   31.0600014     ,   32.1100006     ,   29.1850014    
   31.1350021     ,   32.1850014     ,   29.2600002    
   31.2100010     ,   32.2600021     ,   29.3350010    
   31.2850018     ,   32.3350029     ,   29.4100018    
   31.3600006     ,   32.4099998     ,   29.4850006    
   31.4350014     ,   32.4850006     ,   29.5600014    
   31.5100021     ,   32.5600014     ,   29.6350002    
   31.5850010     ,   32.6350021     ,   29.7100010    
   31.6600018     ,   32.7100029     ,   29.7850018    
   31.7350006     ,   32.7849998     ,   29.8600006    
   31.8100014     ,   32.8600006     ,   29.9350014    
   31.8850021     ,   32.9350014     ,   29.9350014    
   31.9600010     ,   33.0100021     ,   30.0100021    
   32.0349998     ,   33.0850029     ,   30.0850010    
   32.1100006     ,   33.1599998     ,   30.1600018    
   32.1850014     ,   33.2350006     ,   30.2350006    
   32.2600021     ,   33.3100014     ,   30.3100014    
   32.3350029     ,   33.3850021     ,   30.3850021    
   32.4099998     ,   33.4600029     ,   30.4600010    
   32.4850006     ,   33.5349998     ,   30.5350018    
   32.5600014     ,   33.6100006     ,   30.6100006    
   32.6350021     ,   33.6850014     ,   30.6850014    
   32.7100029     ,   33.7600021     ,   30.7600021    
   32.7849998     ,   33.8350029     ,   30.8350010    
   32.8600006     ,   33.9099998     ,   30.9100018    
   32.9350014     ,   33.9850006     ,   30.9100018    
   33.0100021     ,   34.0600014     ,   30.9850006    
   33.0850029     ,   34.1350021     ,   31.0600014    
   33.1599998     ,   34.2100029     ,   31.1350021    
   33.2350006     ,   34.2849998     ,   31.2100010    
   33.3100014     ,   34.3600006     ,   31.2850018    
   33.3850021     ,   34.4350014     ,   31.3600006    
   33.4600029     ,   34.5100021     ,   31.4350014    
   33.5349998     ,   34.5850029     ,   31.5100021    
   33.6100006     ,   34.6599998     ,   31.5850010    
   33.6850014     ,   34.7350006     ,   31.6600018    
   33.7600021     ,   34.8100014     ,   31.7350006    
   33.8350029     ,   34.8850021     ,   31.8100014    
   33.9099998     ,   34.9600029     ,   31.8850021    
   33.9850006     ,   34.9600029     ,   31.9600010    
   34.0600014     ,   35.0349998     ,   32.0349998    
   34.1350021     ,   35.1100006     ,   32.1100006    
   34.2100029     ,   35.1850014     ,   32.1850014    
   34.2849998     ,   35.2600021     ,   32.1850014    
   34.3600006     ,   35.3350029     ,   32.2600021    
   34.4350014     ,   35.4099998     ,   32.3350029    
   34.5100021     ,   35.4850006     ,   32.4099998    
   34.5850029     ,   35.5600014     ,   32.4850006    
   34.6599998     ,   35.6350021     ,   32.5600014    
   34.7350006     ,   35.7100029     ,   32.6350021    
   34.8100014     ,   35.7849998     ,   32.7100029    
   34.8850021     ,   35.8600006     ,   32.7849998    
   34.9600029     ,   35.9350014     ,   32.8600006    
   35.0349998     ,   36.0100021     ,   32.9350014    
   35.1100006     ,   36.0850029     ,   33.0100021    
   35.1850014     ,   36.1599998     ,   33.0850029    
   35.2600021     ,   36.2350006     ,   33.1599998    
   35.3350029     ,   36.3100014     ,   33.2350006    
   35.4099998     ,   36.3850021     ,   33.3100014    
   35.4850006     ,   36.4600029     ,   33.3850021    
   35.5600014     ,   36.5349998     ,   33.3850021    
   35.6350021     ,   36.6100006     ,   33.4600029    
   35.7100029     ,   36.6850014     ,   33.5349998    
   35.7849998     ,   36.7600021     ,   33.6100006    
   35.8600006     ,   36.8350029     ,   33.6850014    
   35.9350014     ,   36.9099998     ,   33.7600021    
   36.0100021     ,   36.9850006     ,   33.8350029    
   36.0850029     ,   37.0600014     ,   33.9099998    
   36.1599998     ,   37.1350021     ,   33.9850006    
   36.2350006     ,   37.2100029     ,   34.0600014    
   36.3100014     ,   37.2849998     ,   34.1350021    
   36.3850021     ,   37.3600006     ,   34.2100029    
   36.4600029     ,   37.4350014     ,   34.2849998    
   36.5349998     ,   37.5100021     ,   34.3600006    
   36.6100006     ,   37.5850029     ,   34.4350014    
   36.6850014     ,   37.6599998     ,   34.5100021    
   36.7600021     ,   37.7350006     ,   34.5850029    
   36.8350029     ,   37.8100014     ,   34.6599998    
   36.9099998     ,   37.8850021     ,   34.6599998    
   36.9850006     ,   37.8850021     ,   34.7350006    
   37.0600014     ,   38.0349998     ,   34.8100014    
   37.1350021     ,   38.0349998     ,   34.8850021    
   37.2100029     ,   38.1100006     ,   34.9600029    
   37.2849998     ,   38.1850014     ,   35.0349998    
   37.3600006     ,   38.2600021     ,   35.1100006    
   37.4350014     ,   38.3350029     ,   35.1850014    
   37.5100021     ,   38.4099998     ,   35.2600021    
   37.5850029     ,   38.4850006     ,   35.3350029    
   37.6599998     ,   38.5600014     ,   35.4099998    
   37.7350006     ,   38.6350021     ,   35.4850006    
   37.8100014     ,   38.7100029     ,   35.5600014    
   37.8850021     ,   38.7849998     ,   35.6350021    
   37.9600029     ,   38.8600006     ,   35.7100029    
   38.0349998     ,   38.9350014     ,   35.7849998    
   38.1100006     ,   39.0100021     ,   35.8600006    
   38.1850014     ,   39.0850029     ,   35.9350014    
   38.2600021     ,   39.1599998     ,   36.0100021    
   38.3350029     ,   39.2350006     ,   36.0100021    
   38.4099998     ,   39.3100014     ,   36.0850029    
   38.4850006     ,   39.3850021     ,   36.1599998    
   38.5600014     ,   39.4600029     ,   36.2350006    
   38.6350021     ,   39.5349998     ,   36.3100014    
   38.7100029     ,   39.6100006     ,   36.3850021    
   38.7849998     ,   39.6850014     ,   36.4600029    
   38.8600006     ,   39.7600021     ,   36.5349998    
   38.9350014     ,   39.8350029     ,   36.6100006    
   39.0100021     ,   39.9099998     ,   36.6850014    
   39.0850029     ,   39.9850006     ,   36.7600021    
   39.1599998     ,   40.0600014     ,   36.8350029    
   39.2350006     ,   40.1350021     ,   36.9099998    
   39.3100014     ,   40.2100029     ,   36.9850006    
   39.3850021     ,   40.2849998     ,   37.0600014    
   39.4600029     ,   40.3600006     ,   37.0600014    
   39.5349998     ,   40.4350014     ,   37.1350021    
   39.6100006     ,   40.5100021     ,   37.2100029    
   39.6850014     ,   40.5850029     ,   37.2849998    
   39.7600021     ,   40.6599998     ,   37.3600006    
   39.8350029     ,   40.7350006     ,   37.4350014    
   39.9099998     ,   40.8100014     ,   37.5100021    
   39.9850006     ,   40.8850021     ,   37.5850029    
   40.0600014     ,   40.8850021     ,   37.6599998    
   40.1350021     ,   40.9600029     ,   37.7350006    
   40.2100029     ,   41.0349998     ,   37.8100014    
   40.2849998     ,   41.1100006     ,   37.8850021    
   40.3600006     ,   41.1850014     ,   37.9600029    
   40.4350014     ,   41.2600021     ,   38.0349998    
   40.5100021     ,   41.3350029     ,   38.1100006    
   40.5850029     ,   41.4099998     ,   38.1850014    
   40.6599998     ,   41.4850006     ,   38.2600021    
   40.7350006     ,   41.5600014     ,   38.3350029    
   40.8100014     ,   41.6350021     ,   38.4099998    
   40.8850021     ,   41.7100029     ,   38.4850006    
   40.9600029     ,   41.7849998     ,   38.4850006    
   41.0349998     ,   41.8600006     ,   38.5600014    
   41.1100006     ,   41.9350014     ,   38.6350021    
   41.1850014     ,   42.0100021     ,   38.7100029    
   41.2600021     ,   42.0850029     ,   38.7849998    
   41.3350029     ,   42.1599998     ,   38.8600006    
   41.4099998     ,   42.2350006     ,   38.9350014    
   41.4850006     ,   42.3100014     ,   39.0100021    
   41.5600014     ,   42.3850021     ,   39.0850029    
   41.6350021     ,   42.4600029     ,   39.1599998    
   41.7100029     ,   42.5349998     ,   39.2350006    
   41.7849998     ,   42.6100006     ,   39.3100014    
   41.8600006     ,   42.6850014     ,   39.3850021    
   41.9350014     ,   42.7600021     ,   39.4600029    
   42.0100021     ,   42.8350029     ,   39.4600029    
   42.0850029     ,   42.9099998     ,   39.5349998    
   42.1599998     ,   42.9850006     ,   39.6100006    
   42.2350006     ,   43.0600014     ,   39.6850014    
   42.3100014     ,   43.1350021     ,   39.7600021    
   42.3850021     ,   43.2100029     ,   39.8350029    
   42.4600029     ,   43.2849998     ,   39.9099998    
   42.5349998     ,   43.3600006     ,   39.9850006    
   42.6100006     ,   43.4350014     ,   40.0600014    
   42.6850014     ,   43.5100021     ,   40.1350021    
   42.7600021     ,   43.5850029     ,   40.2100029    
   42.8350029     ,   43.5850029     ,   40.2849998    
   42.9099998     ,   43.6599998     ,   40.3600006    
   42.9850006     ,   43.7350006     ,   40.4350014    
   43.0600014     ,   43.8100014     ,   40.5100021    
   43.1350021     ,   43.8850021     ,   40.5850029    
   43.2100029     ,   43.9600029     ,   40.6599998    
   43.2849998     ,   44.0349998     ,   40.7350006    
   43.3600006     ,   44.1100006     ,   40.8100014    
   43.4350014     ,   44.1850014     ,   40.8850021    
   43.5100021     ,   44.2600021     ,   40.9600029    
   43.5850029     ,   44.3350029     ,   40.9600029    
   43.6599998     ,   44.4100037     ,   41.0349998    
   43.7350006     ,   44.4850006     ,   41.1100006    
   43.8100014     ,   44.5600014     ,   41.1850014    
   43.8850021     ,   44.6350021     ,   41.2600021    
   43.9600029     ,   44.7100029     ,   41.3350029    
   44.0349998     ,   44.7850037     ,   41.4099998    
   44.1100006     ,   44.8600006     ,   41.4850006    
   44.1850014     ,   44.9350014     ,   41.5600014    
   44.2600021     ,   45.0100021     ,   41.6350021    
   44.3350029     ,   45.0850029     ,   41.7100029    
   44.4100037     ,   45.1600037     ,   41.7849998    
   44.4850006     ,   45.2350006     ,   41.8600006    
   44.5600014     ,   45.3100014     ,   41.9350014    
   44.6350021     ,   45.3850021     ,   41.9350014    
   44.7100029     ,   45.4600029     ,   42.0100021    
   44.7850037     ,   45.5350037     ,   42.0850029    
   44.8600006     ,   45.6100006     ,   42.1599998    
   44.9350014     ,   45.6850014     ,   42.2350006    
   45.0100021     ,   45.7600021     ,   42.3100014    
   45.0850029     ,   45.8350029     ,   42.3850021    
   45.1600037     ,   45.9100037     ,   42.4600029    
   45.2350006     ,   45.9850006     ,   42.5349998    
   45.3100014     ,   46.0600014     ,   42.6100006    
   45.3850021     ,   46.1350021     ,   42.6850014    
   45.4600029     ,   46.2100029     ,   42.7600021    
   45.5350037     ,   46.2850037     ,   42.8350029    
   45.6100006     ,   46.2850037     ,   42.9099998    
   45.6850014     ,   46.3600006     ,   42.9850006    
   45.7600021     ,   46.4350014     ,   43.0600014    
   45.8350029     ,   46.5100021     ,   43.1350021    
   45.9100037     ,   46.5850029     ,   43.2100029    
   45.9850006     ,   46.6600037     ,   43.2849998    
   46.0600014     ,   46.7350006     ,   43.3600006    
   46.1350021     ,   46.8100014     ,   43.4350014    
   46.2100029     ,   46.8850021     ,   43.4350014    
   46.2850037     ,   46.9600029     ,   43.5100021    
   46.3600006     ,   47.0350037     ,   43.5850029    
   46.4350014     ,   47.1100006     ,   43.6599998    
   46.5100021     ,   47.1850014     ,   43.7350006    
   46.5850029     ,   47.2600021     ,   43.8100014    
   46.6600037     ,   47.3350029     ,   43.8850021    
   46.7350006     ,   47.4100037     ,   43.9600029    
   46.8100014     ,   47.4850006     ,   44.0349998    
   46.8850021     ,   47.5600014     ,   44.1100006    
   46.9600029     ,   47.6350021     ,   44.1850014    
   47.0350037     ,   47.7100029     ,   44.2600021    
   47.1100006     ,   47.7850037     ,   44.3350029    
   47.1850014     ,   47.8600006     ,   44.4100037    
   47.2600021     ,   47.9350014     ,   44.4100037    
   47.3350029     ,   48.0100021     ,   44.4850006    
   47.4100037     ,   48.0850029     ,   44.5600014    
   47.4850006     ,   48.1600037     ,   44.6350021    
   47.5600014     ,   48.2350006     ,   44.7100029    
   47.6350021     ,   48.3100014     ,   44.7850037    
   47.7100029     ,   48.3850021     ,   44.8600006    
   47.7850037     ,   48.4600029     ,   44.9350014    
   47.8600006     ,   48.5350037     ,   45.0100021    
   47.9350014     ,   48.6100006     ,   45.0850029    
   48.0100021     ,   48.6850014     ,   45.1600037    
   48.0850029     ,   48.7600021     ,   45.2350006    
   48.1600037     ,   48.8350029     ,   45.3100014    
   48.2350006     ,   48.8350029     ,   45.3850021    
   48.3100014     ,   48.9100037     ,   45.4600029    
   48.3850021     ,   48.9850006     ,   45.5350037    
   48.4600029     ,   49.0600014     ,   45.6100006    
   48.5350037     ,   49.1350021     ,   45.6850014    
   48.6100006     ,   49.2100029     ,   45.7600021    
   48.6850014     ,   49.2850037     ,   45.7600021    
   48.7600021     ,   49.3600006     ,   45.8350029    
   48.8350029     ,   49.4350014     ,   45.9100037    
   48.9100037     ,   49.5100021     ,   45.9850006    
   48.9850006     ,   49.5850029     ,   46.0600014    
   49.0600014     ,   49.6600037     ,   46.1350021    
   49.1350021     ,   49.7350006     ,   46.2100029    
   49.2100029     ,   49.8100014     ,   46.2850037    
   49.2850037     ,   49.8850021     ,   46.3600006    
   49.3600006     ,   49.9600029     ,   46.4350014    
   49.4350014     ,   50.0350037     ,   46.5100021    
   49.5100021     ,   50.1100006     ,   46.5850029    
   49.5850029     ,   50.1850014     ,   46.6600037    
   49.6600037     ,   50.2600021     ,   46.7350006    
   49.7350006     ,   50.3350029     ,   46.8100014    
   49.8100014     ,   50.4100037     ,   46.8850021    
   49.8850021     ,   50.4850006     ,   46.9600029    
   49.9600029     ,   50.5600014     ,   46.9600029    
   50.0350037     ,   50.6350021     ,   47.0350037    
   50.1100006     ,   50.7100029     ,   47.1100006    
   50.1850014     ,   50.7850037     ,   47.1850014    
   50.2600021     ,   50.8600006     ,   47.2600021    
   50.3350029     ,   50.9350014     ,   47.3350029    
   50.4100037     ,   51.0100021     ,   47.4100037    
   50.4850006     ,   51.0850029     ,   47.4850006    
   50.5600014     ,   51.1600037     ,   47.5600014    
   50.6350021     ,   51.2350006     ,   47.6350021    
   50.7100029     ,   51.3100014     ,   47.7100029    
   50.7850037     ,   51.3850021     ,   47.7850037    
   50.8600006     ,   51.3850021     ,   47.8600006    
   50.9350014     ,   51.4600029     ,   47.9350014    
   51.0100021     ,   51.5350037     ,   48.0100021    
   51.0850029     ,   51.6100006     ,   48.0850029    
   51.1600037     ,   51.6850014     ,   48.1600037    
   51.2350006     ,   51.7600021     ,   48.2350006    
   51.3100014     ,   51.8350029     ,   48.2350006    
   51.3850021     ,   51.9100037     ,   48.3100014    
   51.4600029     ,   51.9850006     ,   48.3850021    
   51.5350037     ,   52.0600014     ,   48.4600029    
   51.6100006     ,   52.1350021     ,   48.5350037    
   51.6850014     ,   52.2100029     ,   48.6100006    
   51.7600021     ,   52.2850037     ,   48.6850014    
   51.8350029     ,   52.3600006     ,   48.7600021    
   51.9100037     ,   52.4350014     ,   48.8350029    
   51.9850006     ,   52.5100021     ,   48.9100037    
   52.0600014     ,   52.5850029     ,   48.9850006    
   52.1350021     ,   52.6600037     ,   49.0600014    
   52.2100029     ,   52.7350006     ,   49.1350021    
   52.2850037     ,   52.8100014     ,   49.2100029    
   52.3600006     ,   52.8850021     ,   49.2850037    
   52.4350014     ,   52.9600029     ,   49.3600006    
   52.5100021     ,   53.0350037     ,   49.4350014    
   52.5850029     ,   53.1100006     ,   49.5100021    
   52.6600037     ,   53.1850014     ,   49.5850029    
   52.7350006     ,   53.2600021     ,   49.6600037    
   52.8100014     ,   53.3350029     ,   49.6600037    
   52.8850021     ,   53.4100037     ,   49.7350006    
   52.9600029     ,   53.4850006     ,   49.8100014    
   53.0350037     ,   53.5600014     ,   49.8850021    
   53.1100006     ,   53.6350021     ,   49.9600029    
   53.1850014     ,   53.6350021     ,   50.0350037    
   53.2600021     ,   53.7850037     ,   50.1100006    
   53.3350029     ,   53.8600006     ,   50.1850014    
   53.4100037     ,   53.8600006     ,   50.2600021    
   53.4850006     ,   53.9350014     ,   50.3350029    
   53.5600014     ,   54.0100021     ,   50.4100037    
   53.6350021     ,   54.0850029     ,   50.4850006    
   53.7100029     ,   54.1600037     ,   50.5600014    
   53.7850037     ,   54.2350006     ,   50.6350021    
   53.8600006     ,   54.3100014     ,   50.7100029    
   53.9350014     ,   54.3850021     ,   50.7850037    
   54.0100021     ,   54.4600029     ,   50.8600006    
   54.0850029     ,   54.5350037     ,   50.9350014    
   54.1600037     ,   54.6100006     ,   50.9350014    
   54.2350006     ,   54.6850014     ,   51.0100021    
   54.3100014     ,   54.7600021     ,   51.0850029    
   54.3850021     ,   54.8350029     ,   51.1600037    
   54.4600029     ,   54.9100037     ,   51.2350006    
   54.5350037     ,   54.9850006     ,   51.3100014    
   54.6100006     ,   55.0600014     ,   51.3850021    
   54.6850014     ,   55.1350021     ,   51.4600029    
   54.7600021     ,   55.2100029     ,   51.5350037    
   54.8350029     ,   55.2850037     ,   51.6100006    
   54.9100037     ,   55.3600006     ,   51.6850014    
   54.9850006     ,   55.4350014     ,   51.7600021    
   55.0600014     ,   55.5100021     ,   51.8350029    
   55.1350021     ,   55.5850029     ,   51.9100037    
   55.2100029     ,   55.6600037     ,   51.9850006    
   55.2850037     ,   55.7350006     ,   52.0600014    
   55.3600006     ,   55.8100014     ,   52.1350021    
   55.4350014     ,   55.8850021     ,   52.2100029    
   55.5100021     ,   55.9600029     ,   52.2850037    
   55.5850029     ,   56.0350037     ,   52.2850037    
   55.6600037     ,   56.1100006     ,   52.3600006    
   55.7350006     ,   56.1100006     ,   52.4350014    
   55.8100014     ,   56.2600021     ,   52.5100021    
   55.8850021     ,   56.2600021     ,   52.5850029    
   55.9600029     ,   56.3350029     ,   52.6600037    
   56.0350037     ,   56.4100037     ,   52.7350006    
   56.1100006     ,   56.4850006     ,   52.8100014    
   56.1850014     ,   56.5600014     ,   52.8850021    
   56.2600021     ,   56.6350021     ,   52.9600029    
   56.3350029     ,   56.7100029     ,   53.0350037    
   56.4100037     ,   56.7850037     ,   53.1100006    
   56.4850006     ,   56.8600006     ,   53.1850014    
   56.5600014     ,   56.9350014     ,   53.2600021    
   56.6350021     ,   57.0100021     ,   53.3350029    
   56.7100029     ,   57.0850029     ,   53.3350029    
   56.7850037     ,   57.1600037     ,   53.4100037    
   56.8600006     ,   57.2350006     ,   53.4850006    
   56.9350014     ,   57.3100014     ,   53.5600014    
   57.0100021     ,   57.3850021     ,   53.6350021    
   57.0850029     ,   57.4600029     ,   53.7100029    
   57.1600037     ,   57.5350037     ,   53.7850037    
   57.2350006     ,   57.6100006     ,   53.8600006    
   57.3100014     ,   57.6850014     ,   53.9350014    
   57.3850021     ,   57.7600021     ,   54.0100021    
   57.4600029     ,   57.8350029     ,   54.0850029    
   57.5350037     ,   57.9100037     ,   54.1600037    
   57.6100006     ,   57.9850006     ,   54.2350006    
   57.6850014     ,   58.0600014     ,   54.3100014    
   57.7600021     ,   58.1350021     ,   54.3850021    
   57.8350029     ,   58.2100029     ,   54.4600029    
   57.9100037     ,   58.2850037     ,   54.5350037    
   57.9850006     ,   58.3600006     ,   54.6100006    
   58.0600014     ,   58.4350014     ,   54.6850014    
   58.1350021     ,   58.5100021     ,   54.6850014    
   58.2100029     ,   58.5850029     ,   54.7600021    
   58.2850037     ,   58.6600037     ,   54.8350029    
   58.3600006     ,   58.6600037     ,   54.9100037    
   58.4350014     ,   58.7350006     ,   54.9850006    
   58.5100021     ,   58.8100014     ,   55.0600014    
   58.5850029     ,   58.8850021     ,   55.1350021    
   58.6600037     ,   58.9600029     ,   55.2100029    
   58.7350006     ,   59.0350037     ,   55.2850037    
   58.8100014     ,   59.1100006     ,   55.3600006    
   58.8850021     ,   59.1850014     ,   55.4350014    
   58.9600029     ,   59.2600021     ,   55.5100021    
   59.0350037     ,   59.3350029     ,   55.5850029    
   59.1100006     ,   59.4100037     ,   55.6600037    
   59.1850014     ,   59.4850006     ,   55.7350006    
   59.2600021     ,   59.5600014     ,   55.8100014    
   59.3350029     ,   59.6350021     ,   55.8850021    
   59.4100037     ,   59.7100029     ,   55.9600029    
   59.4850006     ,   59.7850037     ,   55.9600029    
   59.5600014     ,   59.8600006     ,   56.0350037    
   59.6350021     ,   59.9350014     ,   56.1100006    
   59.7100029     ,   60.0100021     ,   56.1850014    
   59.7850037     ,   60.0850029     ,   56.2600021    
   59.8600006     ,   60.1600037     ,   56.3350029    
   59.9350014     ,   60.2350006     ,   56.4100037    
   60.0100021     ,   60.3100014     ,   56.4850006    
   60.0850029     ,   60.3850021     ,   56.5600014    
   60.1600037     ,   60.4600029     ,   56.6350021    
   60.2350006     ,   60.5350037     ,   56.7100029    
   60.3100014     ,   60.6100006     ,   56.7850037    
   60.3850021     ,   60.6850014     ,   56.8600006    
   60.4600029     ,   60.7600021     ,   56.9350014    
   60.5350037     ,   60.8350029     ,   57.0100021    
   60.6100006     ,   60.9100037     ,   57.0850029    
   60.6850014     ,   60.9850006     ,   57.1600037    
   60.7600021     ,   61.0600014     ,   57.2350006    
   60.8350029     ,   61.0600014     ,   57.3100014    
   60.9100037     ,   61.1350021     ,   57.3100014    
   60.9850006     ,   61.2100029     ,   57.3850021    
   61.0600014     ,   61.2850037     ,   57.4600029    
   61.1350021     ,   61.3600006     ,   57.5350037    
   61.2100029     ,   61.4350014     ,   57.6100006    
   61.2850037     ,   61.5100021     ,   57.6850014    
   61.3600006     ,   61.5850029     ,   57.7600021    
   61.4350014     ,   61.6600037     ,   57.8350029    
   61.5100021     ,   61.7350006     ,   57.9100037    
   61.5850029     ,   61.8100014     ,   57.9850006    
   61.6600037     ,   61.8850021     ,   58.0600014    
   61.7350006     ,   61.9600029     ,   58.1350021    
   61.8100014     ,   62.0350037     ,   58.2100029    
   61.8850021     ,   62.1100006     ,   58.2850037    
   61.9600029     ,   62.1850014     ,   58.3600006    
   62.0350037     ,   62.2600021     ,   58.4350014    
   62.1100006     ,   62.3350029     ,   58.5100021    
   62.1850014     ,   62.4100037     ,   58.5850029    
   62.2600021     ,   62.4850006     ,   58.6600037    
   62.3350029     ,   62.5600014     ,   58.6600037    
   62.4100037     ,   62.6350021     ,   58.7350006    
   62.4850006     ,   62.7100029     ,   58.8100014    
   62.5600014     ,   62.7850037     ,   58.8850021    
   62.6350021     ,   62.8600006     ,   58.9600029    
   62.7100029     ,   62.9350014     ,   59.0350037    
   62.7850037     ,   63.0100021     ,   59.1100006    
   62.8600006     ,   63.0850029     ,   59.1850014    
   62.9350014     ,   63.1600037     ,   59.2600021    
   63.0100021     ,   63.2350006     ,   59.3350029    
   63.0850029     ,   63.3100014     ,   59.4100037    
   63.1600037     ,   63.3100014     ,   59.4850006    
   63.2350006     ,   63.4600029     ,   59.5600014    
   63.3100014     ,   63.4600029     ,   59.6350021    
   63.3850021     ,   63.5350037     ,   59.7100029    
   63.4600029     ,   63.6100044     ,   59.7850037    
   63.5350037     ,   63.6850014     ,   59.7850037    
   63.6100044     ,   63.7600021     ,   59.8600006    
   63.6850014     ,   63.8350029     ,   59.9350014    
   63.7600021     ,   63.9100037     ,   60.0100021    
   63.8350029     ,   63.9850044     ,   60.0850029    
   63.9100037     ,   64.0600052     ,   60.1600037    
   63.9850044     ,   64.1350021     ,   60.2350006    
   64.0600052     ,   64.2099991     ,   60.3100014    
   64.1350021     ,   64.2850037     ,   60.3850021    
   64.2099991     ,   64.3600006     ,   60.4600029    
   64.2850037     ,   64.4350052     ,   60.5350037    
   64.3600006     ,   64.5100021     ,   60.6100006    
   64.4350052     ,   64.5849991     ,   60.6850014    
   64.5100021     ,   64.6600037     ,   60.7600021    
   64.5849991     ,   64.7350006     ,   60.8350029    
   64.6600037     ,   64.8100052     ,   60.9100037    
   64.7350006     ,   64.8850021     ,   60.9850006    
   64.8100052     ,   64.9599991     ,   61.0600014    
   64.8850021     ,   65.0350037     ,   61.1350021    
   64.9599991     ,   65.1100006     ,   61.1350021    
   65.0350037     ,   65.1850052     ,   61.2100029    
   65.1100006     ,   65.2600021     ,   61.2850037    
   65.1850052     ,   65.3349991     ,   61.3600006    
   65.2600021     ,   65.4100037     ,   61.4350014    
   65.3349991     ,   65.4850006     ,   61.5100021    
   65.4100037     ,   65.5600052     ,   61.5850029    
   65.4850006     ,   65.6350021     ,   61.6600037    
   65.5600052     ,   65.6350021     ,   61.7350006    
   65.6350021     ,   65.7099991     ,   61.8100014    
   65.7099991     ,   65.7850037     ,   61.8850021    
   65.7850037     ,   65.8600006     ,   61.9600029    
   65.8600006     ,   65.9350052     ,   62.0350037    
   65.9350052     ,   66.0100021     ,   62.1100006    
   66.0100021     ,   66.0849991     ,   62.1850014    
   66.0849991     ,   66.1600037     ,   62.2600021    
   66.1600037     ,   66.2350006     ,   62.3350029    
   66.2350006     ,   66.3100052     ,   62.4100037    
   66.3100052     ,   66.3850021     ,   62.4850006    
   66.3850021     ,   66.4599991     ,   62.5600014    
   66.4599991     ,   66.5350037     ,   62.5600014    
   66.5350037     ,   66.6100006     ,   62.6350021    
   66.6100006     ,   66.6850052     ,   62.7100029    
   66.6850052     ,   66.7600021     ,   62.7850037    
   66.7600021     ,   66.8349991     ,   62.8600006    
   66.8349991     ,   66.9100037     ,   62.9350014    
   66.9100037     ,   66.9850006     ,   63.0100021    
   66.9850006     ,   67.0600052     ,   63.0850029    
   67.0600052     ,   67.1350021     ,   63.1600037    
   67.1350021     ,   67.2099991     ,   63.2350006    
   67.2099991     ,   67.2850037     ,   63.3100014    
   67.2850037     ,   67.3600006     ,   63.3850021    
   67.3600006     ,   67.4350052     ,   63.4600029    
   67.4350052     ,   67.5100021     ,   63.5350037    
   67.5100021     ,   67.5849991     ,   63.6100044    
   67.5849991     ,   67.6600037     ,   63.6850014    
   67.6600037     ,   67.7350006     ,   63.7600021    
   67.7350006     ,   67.8100052     ,   63.7600021    
   67.8100052     ,   67.8850021     ,   63.8350029    
   67.8850021     ,   67.9599991     ,   63.9100037    
   67.9599991     ,   68.0350037     ,   63.9850044    
   68.0350037     ,   68.0350037     ,   64.0600052    
   68.1100006     ,   68.1850052     ,   64.1350021    
   68.1850052     ,   68.1850052     ,   64.2099991    
   68.2600021     ,   68.2600021     ,   64.2850037    
   68.3349991     ,   68.4100037     ,   64.3600006    
   68.4100037     ,   68.4100037     ,   64.4350052    
   68.4850006     ,   68.4850006     ,   64.5100021    
   68.5600052     ,   68.5600052     ,   64.5849991    
   68.6350021     ,   68.6350021     ,   64.6600037    
   68.7099991     ,   68.7850037     ,   64.7350006    
   68.7850037     ,   68.7850037     ,   64.8100052    
   68.8600006     ,   68.8600006     ,   64.8850021    
   68.9350052     ,   68.9350052     ,   64.9599991    
   69.0100021     ,   69.0100021     ,   65.0350037    
   69.0849991     ,   69.0849991     ,   65.0350037    
   69.1600037     ,   69.1600037     ,   65.1100006    
   69.2350006     ,   69.2350006     ,   65.1850052    
   69.3100052     ,   69.2350006     ,   65.2600021    
   69.3850021     ,   69.3850021     ,   65.3349991    
   69.4599991     ,   69.4599991     ,   65.4100037    
   69.5350037     ,   69.4599991     ,   65.4850006    
   69.6100006     ,   69.6100006     ,   65.5600052    
   69.6850052     ,   69.6100006     ,   65.6350021    
   69.7600021     ,   69.6850052     ,   65.7099991    
   69.8349991     ,   69.7600021     ,   65.7850037    
   69.9100037     ,   69.8349991     ,   65.8600006    
   69.9850006     ,   69.9100037     ,   65.9350052    
   70.0600052     ,   69.9850006     ,   66.0100021    
   70.1350021     ,   70.0600052     ,   66.0849991    
   70.2099991     ,   70.1350021     ,   66.1600037    
   70.2850037     ,   70.2099991     ,   66.2350006    
   70.3600006     ,   70.2850037     ,   66.3100052    
   70.4350052     ,   70.3600006     ,   66.3850021    
   70.5100021     ,   70.4350052     ,   66.4599991    
   70.5849991     ,   70.5100021     ,   66.4599991    
   70.6600037     ,   70.5849991     ,   66.5350037    
   70.7350006     ,   70.6600037     ,   66.6100006    
   70.8100052     ,   70.7350006     ,   66.6850052    
   70.8850021     ,   70.8100052     ,   66.7600021    
   70.9599991     ,   70.8850021     ,   66.8349991    
   71.0350037     ,   70.9599991     ,   66.9100037    
   71.1100006     ,   71.0350037     ,   66.9850006    
   71.1850052     ,   71.1100006     ,   67.0600052    
   71.2600021     ,   71.1850052     ,   67.1350021    
   71.3349991     ,   71.2600021     ,   67.2099991    
   71.4100037     ,   71.3349991     ,   67.2850037    
   71.4850006     ,   71.4100037     ,   67.3600006    
   71.5600052     ,   71.4850006     ,   67.4350052    
   71.6350021     ,   71.5600052     ,   67.5100021    
   71.7099991     ,   71.6350021     ,   67.5100021    
   71.7850037     ,   71.7099991     ,   67.5849991    
   71.8600006     ,   71.7850037     ,   67.6600037    
   71.9350052     ,   71.8600006     ,   67.7350006    
   72.0100021     ,   71.9350052     ,   67.8100052    
   72.0849991     ,   72.0100021     ,   67.8850021    
   72.1600037     ,   72.0849991     ,   67.9599991    
   72.2350006     ,   72.0849991     ,   68.0350037    
   72.3100052     ,   72.2350006     ,   68.1100006    
   72.3850021     ,   72.2350006     ,   68.1850052    
   72.4599991     ,   72.3100052     ,   68.2600021    
   72.5350037     ,   72.3850021     ,   68.3349991    
   72.6100006     ,   72.4599991     ,   68.4100037    
   72.6850052     ,   72.5350037     ,   68.4850006    
   72.7600021     ,   72.6100006     ,   68.5600052    
   72.8349991     ,   72.6850052     ,   68.6350021    
   72.9100037     ,   72.7600021     ,   68.7099991    
   72.9850006     ,   72.8349991     ,   68.7850037    
   73.0600052     ,   72.9100037     ,   68.8600006    
   73.1350021     ,   72.9850006     ,   68.9350052    
   73.2100067     ,   73.0600052     ,   69.0100021    
   73.2850037     ,   73.1350021     ,   69.0100021    
   73.3600006     ,   73.2100067     ,   69.0849991    
   73.4350052     ,   73.2850037     ,   69.1600037    
   73.5100021     ,   73.3600006     ,   69.2350006    
   73.5850067     ,   73.4350052     ,   69.3100052    
   73.6600037     ,   73.5100021     ,   69.3850021    
   73.7350006     ,   73.5850067     ,   69.4599991    
   73.8100052     ,   73.6600037     ,   69.5350037    
   73.8850021     ,   73.7350006     ,   69.6100006    
   73.9600067     ,   73.8100052     ,   69.6850052    
   74.0350037     ,   73.8850021     ,   69.7600021    
   74.1100006     ,   73.9600067     ,   69.8349991    
   74.1850052     ,   74.0350037     ,   69.9100037    
   74.2600021     ,   74.1100006     ,   69.9850006    
   74.3350067     ,   74.1850052     ,   70.0600052    
   74.4100037     ,   74.2600021     ,   70.1350021    
   74.4850006     ,   74.3350067     ,   70.2099991    
   74.5600052     ,   74.4100037     ,   70.2099991    
   74.6350021     ,   74.4850006     ,   70.3600006    
   74.7100067     ,   74.5600052     ,   70.3600006    
   74.7850037     ,   74.5600052     ,   70.4350052    
   74.8600006     ,   74.6350021     ,   70.5100021    
   74.9350052     ,   74.7100067     ,   70.5849991    
