   9.99999978E-03 ,   61.7959557     ,   14.9411469    
   8.50000009E-02 ,   64.5723953     ,   28.3421459    
  0.160000011     ,   65.6733093     ,   31.4113712    
  0.235000014     ,   66.4238281     ,   33.0166626    
  0.310000002     ,   67.0261078     ,   34.2400589    
  0.385000020     ,   67.5291595     ,   35.2656898    
  0.460000008     ,   67.9695511     ,   36.1678200    
  0.535000026     ,   68.3640671     ,   36.9858093    
  0.610000014     ,   68.7242966     ,   37.7437630    
  0.685000002     ,   69.0542679     ,   38.4423981    
  0.760000050     ,   69.3711243     ,   39.0802536    
  0.835000038     ,   69.6627579     ,   39.6561356    
  0.910000026     ,   69.9345703     ,   40.1816750    
  0.985000014     ,   70.1969376     ,   40.6714020    
   1.06000006     ,   70.4485855     ,   41.1282501    
   1.13499999     ,   70.6868896     ,   41.5531502    
   1.21000004     ,   70.9145050     ,   41.9511261    
   1.28500009     ,   71.1337357     ,   42.3262978    
   1.36000001     ,   71.3488464     ,   42.6842232    
   1.43500006     ,   71.5566635     ,   43.0271606    
   1.51000011     ,   71.7566757     ,   43.3655014    
   1.58500004     ,   71.9497452     ,   43.6984901    
   1.66000009     ,   72.1365128     ,   44.0255661    
   1.73500001     ,   72.3188400     ,   44.3462791    
   1.81000006     ,   72.4975052     ,   44.6604156    
   1.88500011     ,   72.6710815     ,   44.9678459    
   1.96000004     ,   72.8399887     ,   45.2683907    
   2.03500009     ,   73.0053329     ,   45.5619392    
   2.11000013     ,   73.1674728     ,   45.8485146    
   2.18500018     ,   73.3257446     ,   46.1281433    
   2.25999999     ,   73.4810562     ,   46.4008560    
   2.33500004     ,   73.6344299     ,   46.6667633    
   2.41000009     ,   73.7844925     ,   46.9260216    
   2.48500013     ,   73.9314651     ,   47.1787186    
   2.56000018     ,   74.0755310     ,   47.4249725    
   2.63499999     ,   74.2168350     ,   47.6648941    
   2.71000004     ,   74.3555527     ,   47.8986282    
   2.78500009     ,   74.4917755     ,   48.1287041    
   2.86000013     ,   74.6256790     ,   48.3555641    
   2.93500018     ,   74.7574310     ,   48.5787811    
   3.01000023     ,   74.8878174     ,   48.7987556    
   3.08500004     ,   75.0169830     ,   49.0151100    
   3.16000009     ,   75.1440735     ,   49.2282906    
   3.23500013     ,   75.2692871     ,   49.4379425    
   3.31000018     ,   75.3927917     ,   49.6444168    
   3.38500023     ,   75.5145187     ,   49.8474312    
   3.46000004     ,   75.6345749     ,   50.0473099    
   3.53500009     ,   75.7530136     ,   50.2437935    
   3.61000013     ,   75.8698654     ,   50.4372101    
   3.68500018     ,   75.9852295     ,   50.6272850    
   3.76000023     ,   76.0991745     ,   50.8143578    
   3.83500004     ,   76.2116547     ,   50.9981842    
   3.91000009     ,   76.3227615     ,   51.1797867    
   3.98500013     ,   76.4325867     ,   51.3604279    
   4.05999994     ,   76.5414963     ,   51.5379410    
   4.13500023     ,   76.6493530     ,   51.7132607    
   4.21000004     ,   76.7560120     ,   51.8875542    
   4.28500032     ,   76.8614807     ,   52.0588417    
   4.36000013     ,   76.9658508     ,   52.2279892    
   4.43499994     ,   77.0692825     ,   52.3960609    
   4.51000023     ,   77.1716309     ,   52.5612450    
   4.58500004     ,   77.2730026     ,   52.7243385    
   4.66000032     ,   77.3732986     ,   52.8863297    
   4.73500013     ,   77.4726486     ,   53.0455437    
   4.81000042     ,   77.5710831     ,   53.2027245    
   4.88500023     ,   77.6685867     ,   53.3587799    
   4.96000004     ,   77.7651062     ,   53.5121727    
   5.03500032     ,   77.8607788     ,   53.6642456    
   5.11000013     ,   77.9555359     ,   53.8156166    
   5.18500042     ,   78.0495071     ,   53.9658470    
   5.26000023     ,   78.1426163     ,   54.1135559    
   5.33500004     ,   78.2349243     ,   54.2599411    
   5.41000032     ,   78.3264389     ,   54.4055786    
   5.48500013     ,   78.4171677     ,   54.5500946    
   5.56000042     ,   78.5072327     ,   54.6921997    
   5.63500023     ,   78.5967102     ,   54.8330002    
   5.71000004     ,   78.6855087     ,   54.9730415    
   5.78500032     ,   78.7735901     ,   55.1119652    
   5.86000013     ,   78.8610382     ,   55.2485809    
   5.93500042     ,   78.9478073     ,   55.3839607    
   6.01000023     ,   79.0339203     ,   55.5185547    
   6.08500004     ,   79.1194229     ,   55.6520462    
   6.16000032     ,   79.2042465     ,   55.7838593    
   6.23500013     ,   79.2884140     ,   55.9151993    
   6.31000042     ,   79.3720093     ,   56.0453110    
   6.38500023     ,   79.4549789     ,   56.1746521    
   6.46000004     ,   79.5373611     ,   56.3029022    
   6.53500032     ,   79.6191711     ,   56.4295502    
   6.61000013     ,   79.7004089     ,   56.5556870    
   6.68500042     ,   79.7810440     ,   56.6806564    
   6.76000023     ,   79.8611526     ,   56.8048325    
   6.83500004     ,   79.9407196     ,   56.9279671    
   6.91000032     ,   80.0197372     ,   57.0495644    
   6.98500013     ,   80.0982971     ,   57.1706238    
   7.06000042     ,   80.1763611     ,   57.2905579    
   7.13500023     ,   80.2539368     ,   57.4097214    
   7.21000051     ,   80.3310776     ,   57.5278435    
   7.28500032     ,   80.4077454     ,   57.6447258    
   7.36000013     ,   80.4839325     ,   57.7614517    
   7.43500042     ,   80.5596161     ,   57.8776550    
   7.51000023     ,   80.6348724     ,   57.9927444    
   7.58500051     ,   80.7096481     ,   58.1070862    
   7.66000032     ,   80.7840118     ,   58.2204399    
   7.73500013     ,   80.8579178     ,   58.3325958    
   7.81000042     ,   80.9314041     ,   58.4445496    
   7.88500023     ,   81.0044022     ,   58.5559845    
   7.96000051     ,   81.0769958     ,   58.6663513    
   8.03499985     ,   81.1492004     ,   58.7759781    
   8.11000061     ,   81.2209625     ,   58.8846703    
   8.18500042     ,   81.2923508     ,   58.9922066    
   8.26000023     ,   81.3633575     ,   59.0995293    
   8.33500004     ,   81.4340057     ,   59.2062912    
   8.41000080     ,   81.5043030     ,   59.3120728    
   8.48500061     ,   81.5742493     ,   59.4174767    
   8.56000042     ,   81.6438370     ,   59.5225792    
   8.63500023     ,   81.7130585     ,   59.6267891    
   8.71000004     ,   81.7818985     ,   59.7299042    
   8.78500080     ,   81.8503494     ,   59.8327789    
   8.86000061     ,   81.9184723     ,   59.9351234    
   8.93500042     ,   81.9862823     ,   60.0365105    
   9.01000023     ,   82.0537109     ,   60.1375198    
   9.08500004     ,   82.1207962     ,   60.2382278    
   9.16000080     ,   82.1875076     ,   60.3380661    
   9.23500061     ,   82.2539291     ,   60.4368668    
   9.31000042     ,   82.3200226     ,   60.5354156    
   9.38500023     ,   82.3857269     ,   60.6334381    
   9.46000004     ,   82.4511871     ,   60.7305527    
   9.53500080     ,   82.5163269     ,   60.8272896    
   9.61000061     ,   82.5811844     ,   60.9237061    
   9.68500042     ,   82.6456985     ,   61.0199432    
   9.76000023     ,   82.7099304     ,   61.1155968    
   9.83500004     ,   82.7738724     ,   61.2102699    
   9.91000080     ,   82.8375397     ,   61.3046684    
   9.98500061     ,   82.9009018     ,   61.3985748    
   10.0600004     ,   82.9639587     ,   61.4915924    
   10.1350002     ,   83.0267563     ,   61.5842438    
   10.2100000     ,   83.0892334     ,   61.6765823    
   10.2850008     ,   83.1514740     ,   61.7687187    
   10.3600006     ,   83.2134171     ,   61.8603020    
   10.4350004     ,   83.2750931     ,   61.9509392    
   10.5100002     ,   83.3364639     ,   62.0413055    
   10.5850000     ,   83.3975983     ,   62.1311836    
   10.6600008     ,   83.4584427     ,   62.2202377    
   10.7350006     ,   83.5190582     ,   62.3089066    
   10.8100004     ,   83.5793915     ,   62.3975487    
   10.8850002     ,   83.6394882     ,   62.4859734    
   10.9600000     ,   83.6993484     ,   62.5741920    
   11.0350008     ,   83.7589417     ,   62.6618690    
   11.1100006     ,   83.8182983     ,   62.7486687    
   11.1850004     ,   83.8774261     ,   62.8351822    
   11.2600002     ,   83.9363327     ,   62.9212112    
   11.3350000     ,   83.9950180     ,   63.0064697    
   11.4100008     ,   84.0534668     ,   63.0913544    
   11.4850006     ,   84.1116486     ,   63.1761856    
   11.5600004     ,   84.1695862     ,   63.2607994    
   11.6350002     ,   84.2273102     ,   63.3451881    
   11.7100000     ,   84.2847900     ,   63.4290581    
   11.7850008     ,   84.3420715     ,   63.5120964    
   11.8600006     ,   84.3991241     ,   63.5948563    
   11.9350004     ,   84.4559326     ,   63.6771812    
   12.0100002     ,   84.5125351     ,   63.7595177    
   12.0850000     ,   84.5689316     ,   63.8411255    
   12.1600008     ,   84.6251068     ,   63.9223862    
   12.2350006     ,   84.6810760     ,   64.0035782    
   12.3100004     ,   84.7368393     ,   64.0845566    
   12.3850002     ,   84.7923813     ,   64.1652985    
   12.4600000     ,   84.8477249     ,   64.2455444    
   12.5350008     ,   84.9028778     ,   64.3250198    
   12.6100006     ,   84.9578857     ,   64.4042130    
   12.6850004     ,   85.0126801     ,   64.4829407    
   12.7600002     ,   85.0672836     ,   64.5616913    
   12.8350000     ,   85.1216660     ,   64.6397934    
   12.9100008     ,   85.1758423     ,   64.7175217    
   12.9850006     ,   85.2298431     ,   64.7951508    
   13.0600004     ,   85.2836304     ,   64.8725662    
   13.1350002     ,   85.3372345     ,   64.9497604    
   13.2100010     ,   85.3906403     ,   65.0267181    
   13.2850008     ,   85.4438553     ,   65.1035004    
   13.3600006     ,   85.4969025     ,   65.1795349    
   13.4350004     ,   85.5497437     ,   65.2553101    
   13.5100002     ,   85.6024323     ,   65.3306656    
   13.5850010     ,   85.6549301     ,   65.4059982    
   13.6600008     ,   85.7072754     ,   65.4806900    
   13.7350006     ,   85.7594147     ,   65.5550613    
   13.8100004     ,   85.8114014     ,   65.6293335    
   13.8850002     ,   85.8632355     ,   65.7033615    
   13.9600010     ,   85.9148941     ,   65.7771606    
   14.0350008     ,   85.9664154     ,   65.8507385    
   14.1100006     ,   86.0177536     ,   65.9241409    
   14.1850004     ,   86.0689240     ,   65.9968567    
   14.2600002     ,   86.1199265     ,   66.0692978    
   14.3350010     ,   86.1707611     ,   66.1415558    
   14.4100008     ,   86.2213898     ,   66.2136383    
   14.4850006     ,   86.2718887     ,   66.2856903    
   14.5600004     ,   86.3222275     ,   66.3571701    
   14.6350002     ,   86.3723679     ,   66.4282913    
   14.7100010     ,   86.4223709     ,   66.4993286    
   14.7850008     ,   86.4722214     ,   66.5701370    
   14.8600006     ,   86.5219040     ,   66.6407318    
   14.9350004     ,   86.5714264     ,   66.7110977    
   15.0100002     ,   86.6208725     ,   66.7812653    
   15.0850010     ,   86.6700897     ,   66.8507843    
   15.1600008     ,   86.7191772     ,   66.9200592    
   15.2350006     ,   86.7681503     ,   66.9891434    
   15.3100004     ,   86.8170090     ,   67.0580521    
   15.3850002     ,   86.8656998     ,   67.1269302    
   15.4600010     ,   86.9142380     ,   67.1952286    
   15.5350008     ,   86.9626389     ,   67.2634201    
   15.6100006     ,   87.0108948     ,   67.3314743    
   15.6850004     ,   87.0590210     ,   67.3994217    
   15.7600002     ,   87.1069260     ,   67.4671249    
   15.8350010     ,   87.1547318     ,   67.5346298    
   15.9100008     ,   87.2023697     ,   67.6019135    
   15.9850006     ,   87.2499008     ,   67.6690140    
   16.0600014     ,   87.2972946     ,   67.7354965    
   16.1350002     ,   87.3445358     ,   67.8017120    
   16.2100010     ,   87.3916550     ,   67.8677597    
   16.2849998     ,   87.4386292     ,   67.9336472    
   16.3600006     ,   87.4854965     ,   67.9994812    
   16.4350014     ,   87.5322037     ,   68.0647888    
   16.5100002     ,   87.5787964     ,   68.1299667    
   16.5850010     ,   87.6252823     ,   68.1950150    
   16.6599998     ,   87.6716690     ,   68.2599487    
   16.7350006     ,   87.7179413     ,   68.3246384    
   16.8100014     ,   87.7640457     ,   68.3892899    
   16.8850002     ,   87.8100128     ,   68.4538574    
   16.9600010     ,   87.8558655     ,   68.5181808    
   17.0349998     ,   87.9015808     ,   68.5823212    
   17.1100006     ,   87.9471588     ,   68.6459122    
   17.1850014     ,   87.9926147     ,   68.7092056    
   17.2600002     ,   88.0379486     ,   68.7723618    
   17.3350010     ,   88.0831375     ,   68.8353500    
   17.4099998     ,   88.1282425     ,   68.8983002    
   17.4850006     ,   88.1732101     ,   68.9607162    
   17.5600014     ,   88.2180710     ,   69.0230255    
   17.6350002     ,   88.2628098     ,   69.0851746    
   17.7100010     ,   88.3074493     ,   69.1472473    
   17.7849998     ,   88.3519363     ,   69.2090683    
   17.8600006     ,   88.3963776     ,   69.2708511    
   17.9350014     ,   88.4406815     ,   69.3325043    
   18.0100002     ,   88.4848633     ,   69.3939667    
   18.0850010     ,   88.5289688     ,   69.4554749    
   18.1599998     ,   88.5729218     ,   69.5167923    
   18.2350006     ,   88.6167679     ,   69.5775833    
   18.3100014     ,   88.6605148     ,   69.6381378    
   18.3850002     ,   88.7041321     ,   69.6985092    
   18.4600010     ,   88.7476349     ,   69.7587280    
   18.5349998     ,   88.7910309     ,   69.8188858    
   18.6100006     ,   88.8343201     ,   69.8785629    
   18.6850014     ,   88.8774872     ,   69.9381180    
   18.7600002     ,   88.9205627     ,   69.9975433    
   18.8350010     ,   88.9635162     ,   70.0568237    
   18.9099998     ,   89.0063782     ,   70.1159210    
   18.9850006     ,   89.0491486     ,   70.1749420    
   19.0600014     ,   89.0918121     ,   70.2338638    
   19.1350002     ,   89.1343307     ,   70.2925797    
   19.2100010     ,   89.1768036     ,   70.3513336    
   19.2849998     ,   89.2191315     ,   70.4099731    
   19.3600006     ,   89.2614212     ,   70.4685898    
   19.4350014     ,   89.3035812     ,   70.5267105    
   19.5100002     ,   89.3456268     ,   70.5846024    
   19.5850010     ,   89.3875732     ,   70.6423111    
   19.6599998     ,   89.4294357     ,   70.6998749    
   19.7350006     ,   89.4711380     ,   70.7573776    
   19.8100014     ,   89.5127869     ,   70.8144302    
   19.8850002     ,   89.5543060     ,   70.8713455    
   19.9600010     ,   89.5957642     ,   70.9281158    
   20.0349998     ,   89.6370926     ,   70.9848022    
   20.1100006     ,   89.6783371     ,   71.0412598    
   20.1850014     ,   89.7195053     ,   71.0976639    
   20.2600002     ,   89.7605820     ,   71.1539612    
   20.3350010     ,   89.8015518     ,   71.2100601    
   20.4100018     ,   89.8424149     ,   71.2661667    
   20.4850006     ,   89.8832169     ,   71.3222122    
   20.5600014     ,   89.9239044     ,   71.3782730    
   20.6350002     ,   89.9645309     ,   71.4343033    
   20.7100010     ,   90.0050354     ,   71.4898682    
   20.7850018     ,   90.0454636     ,   71.5452042    
   20.8600006     ,   90.0858078     ,   71.6003723    
   20.9350014     ,   90.1260452     ,   71.6553726    
   21.0100002     ,   90.1661835     ,   71.7103271    
   21.0850010     ,   90.2062302     ,   71.7648544    
   21.1600018     ,   90.2462006     ,   71.8192520    
   21.2350006     ,   90.2860718     ,   71.8735428    
   21.3100014     ,   90.3258591     ,   71.9276733    
   21.3850002     ,   90.3655548     ,   71.9816360    
   21.4600010     ,   90.4051895     ,   72.0355225    
   21.5350018     ,   90.4447250     ,   72.0893250    
   21.6100006     ,   90.4842072     ,   72.1429672    
   21.6850014     ,   90.5235367     ,   72.1966095    
   21.7600002     ,   90.5628510     ,   72.2502441    
   21.8350010     ,   90.6020279     ,   72.3038177    
   21.9100018     ,   90.6411591     ,   72.3573837    
   21.9850006     ,   90.6801987     ,   72.4109116    
   22.0600014     ,   90.7191315     ,   72.4640045    
   22.1350002     ,   90.7580109     ,   72.5169144    
   22.2100010     ,   90.7968063     ,   72.5696335    
   22.2850018     ,   90.8354721     ,   72.6222229    
   22.3600006     ,   90.8740997     ,   72.6747208    
   22.4350014     ,   90.9126511     ,   72.7268143    
   22.5100002     ,   90.9510956     ,   72.7788086    
   22.5850010     ,   90.9894943     ,   72.8306732    
   22.6600018     ,   91.0277939     ,   72.8824234    
   22.7350006     ,   91.0660324     ,   72.9339676    
   22.8100014     ,   91.1041946     ,   72.9854736    
   22.8850002     ,   91.1422577     ,   73.0369873    
   22.9600010     ,   91.1802444     ,   73.0884018    
   23.0350018     ,   91.2181625     ,   73.1397018    
   23.1100006     ,   91.2559967     ,   73.1909790    
   23.1850014     ,   91.2937622     ,   73.2422485    
   23.2600002     ,   91.3314438     ,   73.2934418    
   23.3350010     ,   91.3690643     ,   73.3446350    
   23.4100018     ,   91.4066086     ,   73.3957748    
   23.4850006     ,   91.4440765     ,   73.4465408    
   23.5600014     ,   91.4814377     ,   73.4970627    
   23.6350002     ,   91.5187607     ,   73.5474472    
   23.7100010     ,   91.5560150     ,   73.5976791    
   23.7850018     ,   91.5931702     ,   73.6478271    
   23.8600006     ,   91.6302795     ,   73.6976395    
   23.9350014     ,   91.6672897     ,   73.7473068    
   24.0100002     ,   91.7042694     ,   73.7968674    
   24.0850010     ,   91.7411804     ,   73.8464355    
   24.1600018     ,   91.7779922     ,   73.8959045    
   24.2350006     ,   91.8147278     ,   73.9451981    
   24.3100014     ,   91.8514252     ,   73.9944305    
   24.3850002     ,   91.8880157     ,   74.0437088    
   24.4600010     ,   91.9245529     ,   74.0928345    
   24.5350018     ,   91.9609833     ,   74.1418610    
   24.6100006     ,   91.9973831     ,   74.1908646    
   24.6850014     ,   92.0336609     ,   74.2398376    
   24.7600002     ,   92.0698853     ,   74.2887650    
   24.8350010     ,   92.1060410     ,   74.3376617    
   24.9100018     ,   92.1421356     ,   74.3865280    
   24.9850006     ,   92.1781540     ,   74.4349899    
   25.0600014     ,   92.2141266     ,   74.4832916    
   25.1350002     ,   92.2500381     ,   74.5314102    
   25.2100010     ,   92.2858963     ,   74.5794220    
   25.2850018     ,   92.3216934     ,   74.6273270    
   25.3600006     ,   92.3574142     ,   74.6751251    
   25.4350014     ,   92.3930435     ,   74.7227249    
   25.5100002     ,   92.4286499     ,   74.7702255    
   25.5850010     ,   92.4641495     ,   74.8175964    
   25.6600018     ,   92.4995956     ,   74.8649902    
   25.7350006     ,   92.5349503     ,   74.9122849    
   25.8100014     ,   92.5702667     ,   74.9593964    
   25.8850002     ,   92.6055145     ,   75.0064621    
   25.9600010     ,   92.6406555     ,   75.0535431    
   26.0350018     ,   92.6757507     ,   75.1005096    
   26.1100006     ,   92.7108002     ,   75.1473618    
   26.1850014     ,   92.7457886     ,   75.1941757    
   26.2600002     ,   92.7807236     ,   75.2409668    
   26.3350010     ,   92.8156052     ,   75.2876968    
   26.4100018     ,   92.8504181     ,   75.3344040    
   26.4850006     ,   92.8851395     ,   75.3810425    
   26.5600014     ,   92.9198608     ,   75.4273529    
   26.6350002     ,   92.9544907     ,   75.4735031    
   26.7100010     ,   92.9890518     ,   75.5196609    
   26.7850018     ,   93.0235748     ,   75.5656586    
   26.8600006     ,   93.0580215     ,   75.6115646    
   26.9350014     ,   93.0924072     ,   75.6573410    
   27.0100002     ,   93.1267090     ,   75.7030334    
   27.0850010     ,   93.1609573     ,   75.7485428    
   27.1600018     ,   93.1951294     ,   75.7939301    
   27.2350006     ,   93.2292633     ,   75.8392258    
   27.3100014     ,   93.2633514     ,   75.8845062    
   27.3850002     ,   93.2973557     ,   75.9297028    
   27.4600010     ,   93.3313293     ,   75.9747467    
   27.5350018     ,   93.3652496     ,   76.0197220    
   27.6100006     ,   93.3991165     ,   76.0646744    
   27.6850014     ,   93.4329376     ,   76.1095505    
   27.7600002     ,   93.4666824     ,   76.1542892    
   27.8350010     ,   93.5003738     ,   76.1990051    
   27.9100018     ,   93.5340118     ,   76.2437057    
   27.9850006     ,   93.5675964     ,   76.2883606    
   28.0600014     ,   93.6011047     ,   76.3330154    
   28.1350002     ,   93.6345596     ,   76.3776627    
   28.2100010     ,   93.6679535     ,   76.4222412    
   28.2850018     ,   93.7012711     ,   76.4664917    
   28.3600006     ,   93.7345428     ,   76.5106049    
   28.4350014     ,   93.7677612     ,   76.5547180    
   28.5100002     ,   93.8009109     ,   76.5986786    
   28.5850010     ,   93.8340302     ,   76.6425400    
   28.6600018     ,   93.8671036     ,   76.6862869    
   28.7350006     ,   93.9001236     ,   76.7299347    
   28.8100014     ,   93.9330826     ,   76.7734375    
   28.8850002     ,   93.9659958     ,   76.8168106    
   28.9600010     ,   93.9988556     ,   76.8600693    
   29.0350018     ,   94.0316772     ,   76.9033356    
   29.1100006     ,   94.0644379     ,   76.9465027    
   29.1850014     ,   94.0971222     ,   76.9897079    
   29.2600002     ,   94.1297607     ,   77.0327682    
   29.3350010     ,   94.1623077     ,   77.0757599    
   29.4100018     ,   94.1948547     ,   77.1187515    
   29.4850006     ,   94.2272949     ,   77.1616287    
   29.5600014     ,   94.2597122     ,   77.2044067    
   29.6350002     ,   94.2920532     ,   77.2471466    
   29.7100010     ,   94.3243637     ,   77.2898636    
   29.7850018     ,   94.3566437     ,   77.3325424    
   29.8600006     ,   94.3888702     ,   77.3751907    
   29.9350014     ,   94.4210510     ,   77.4178238    
   30.0100021     ,   94.4531555     ,   77.4604263    
   30.0850010     ,   94.4852371     ,   77.5027084    
   30.1600018     ,   94.5172729     ,   77.5448532    
   30.2350006     ,   94.5492477     ,   77.5869904    
   30.3100014     ,   94.5811768     ,   77.6290131    
   30.3850021     ,   94.6130295     ,   77.6708832    
   30.4600010     ,   94.6448364     ,   77.7127686    
   30.5350018     ,   94.6765976     ,   77.7545929    
   30.6100006     ,   94.7083054     ,   77.7963181    
   30.6850014     ,   94.7399597     ,   77.8378983    
   30.7600021     ,   94.7715607     ,   77.8793564    
   30.8350010     ,   94.8031235     ,   77.9207230    
   30.9100018     ,   94.8346481     ,   77.9620895    
   30.9850006     ,   94.8661346     ,   78.0033569    
   31.0600014     ,   94.8975830     ,   78.0446472    
   31.1350021     ,   94.9289932     ,   78.0858002    
   31.2100010     ,   94.9603271     ,   78.1268539    
   31.2850018     ,   94.9916306     ,   78.1679382    
   31.3600006     ,   95.0228729     ,   78.2089157    
   31.4350014     ,   95.0540924     ,   78.2497864    
   31.5100021     ,   95.0852432     ,   78.2906113    
   31.5850010     ,   95.1163254     ,   78.3314209    
   31.6600018     ,   95.1473923     ,   78.3721848    
   31.7350006     ,   95.1783905     ,   78.4129410    
   31.8100014     ,   95.2093201     ,   78.4536591    
   31.8850021     ,   95.2402267     ,   78.4943542    
   31.9600010     ,   95.2710800     ,   78.5350647    
   32.0349998     ,   95.3018875     ,   78.5754547    
   32.1100006     ,   95.3326797     ,   78.6157379    
   32.1850014     ,   95.3634033     ,   78.6560211    
   32.2600021     ,   95.3940964     ,   78.6961746    
   32.3350029     ,   95.4247437     ,   78.7362061    
   32.4099998     ,   95.4553299     ,   78.7762146    
   32.4850006     ,   95.4859161     ,   78.8162003    
   32.5600014     ,   95.5164185     ,   78.8560562    
   32.6350021     ,   95.5468597     ,   78.8958130    
   32.7100029     ,   95.5772705     ,   78.9354248    
   32.7849998     ,   95.6076508     ,   78.9749374    
   32.8600006     ,   95.6379623     ,   79.0144501    
   32.9350014     ,   95.6682129     ,   79.0539017    
   33.0100021     ,   95.6984253     ,   79.0933762    
   33.0850029     ,   95.7286224     ,   79.1328430    
   33.1599998     ,   95.7587814     ,   79.1721573    
   33.2350006     ,   95.7888947     ,   79.2114258    
   33.3100014     ,   95.8189774     ,   79.2507095    
   33.3850021     ,   95.8490143     ,   79.2898788    
   33.4600029     ,   95.8790131     ,   79.3289490    
   33.5349998     ,   95.9089508     ,   79.3679733    
   33.6100006     ,   95.9388428     ,   79.4069595    
   33.6850014     ,   95.9686890     ,   79.4459152    
   33.7600021     ,   95.9985199     ,   79.4848557    
   33.8350029     ,   96.0282593     ,   79.5237427    
   33.9099998     ,   96.0579605     ,   79.5626297    
   33.9850006     ,   96.0876160     ,   79.6015167    
   34.0600014     ,   96.1172485     ,   79.6401520    
   34.1350021     ,   96.1468658     ,   79.6786346    
   34.2100029     ,   96.1764374     ,   79.7170944    
   34.2849998     ,   96.2059555     ,   79.7554779    
   34.3600006     ,   96.2354584     ,   79.7938538    
   34.4350014     ,   96.2649155     ,   79.8321304    
   34.5100021     ,   96.2943344     ,   79.8703842    
   34.5850029     ,   96.3237000     ,   79.9085999    
   34.6599998     ,   96.3530426     ,   79.9467163    
   34.7350006     ,   96.3823090     ,   79.9846954    
   34.8100014     ,   96.4115448     ,   80.0225525    
   34.8850021     ,   96.4407501     ,   80.0603409    
   34.9600029     ,   96.4698868     ,   80.0981216    
   35.0349998     ,   96.4989853     ,   80.1358109    
   35.1100006     ,   96.5280762     ,   80.1735229    
   35.1850014     ,   96.5571136     ,   80.2112350    
   35.2600021     ,   96.5861053     ,   80.2488174    
   35.3350029     ,   96.6150818     ,   80.2863464    
   35.4099998     ,   96.6440125     ,   80.3238602    
   35.4850006     ,   96.6729126     ,   80.3612900    
   35.5600014     ,   96.7017593     ,   80.3986435    
   35.6350021     ,   96.7305679     ,   80.4359894    
   35.7100029     ,   96.7593307     ,   80.4732971    
   35.7849998     ,   96.7880707     ,   80.5105743    
   35.8600006     ,   96.8167114     ,   80.5478134    
   35.9350014     ,   96.8453674     ,   80.5850220    
   36.0100021     ,   96.8739548     ,   80.6222305    
   36.0850029     ,   96.9025192     ,   80.6593704    
   36.1599998     ,   96.9310532     ,   80.6965332    
   36.2350006     ,   96.9595413     ,   80.7334213    
   36.3100014     ,   96.9880066     ,   80.7701950    
   36.3850021     ,   97.0164566     ,   80.8069687    
   36.4600029     ,   97.0448608     ,   80.8436508    
   36.5349998     ,   97.0732040     ,   80.8803329    
   36.6100006     ,   97.1015320     ,   80.9169083    
   36.6850014     ,   97.1298065     ,   80.9534607    
   36.7600021     ,   97.1580429     ,   80.9899521    
   36.8350029     ,   97.1862259     ,   81.0263748    
   36.9099998     ,   97.2143860     ,   81.0627747    
   36.9850006     ,   97.2424774     ,   81.0990829    
   37.0600014     ,   97.2705765     ,   81.1353149    
   37.1350021     ,   97.2986298     ,   81.1714249    
   37.2100029     ,   97.3266449     ,   81.2075272    
   37.2849998     ,   97.3546600     ,   81.2435684    
   37.3600006     ,   97.3826141     ,   81.2796173    
   37.4350014     ,   97.4105530     ,   81.3156662    
   37.5100021     ,   97.4384460     ,   81.3515930    
   37.5850029     ,   97.4663086     ,   81.3874664    
   37.6599998     ,   97.4940948     ,   81.4233093    
   37.7350006     ,   97.5218964     ,   81.4590836    
   37.8100014     ,   97.5496140     ,   81.4947815    
   37.8850021     ,   97.5773239     ,   81.5304871    
   37.9600029     ,   97.6049728     ,   81.5661087    
   38.0349998     ,   97.6326141     ,   81.6017456    
   38.1100006     ,   97.6602173     ,   81.6373062    
   38.1850014     ,   97.6877594     ,   81.6728668    
   38.2600021     ,   97.7152939     ,   81.7083969    
   38.3350029     ,   97.7428055     ,   81.7439270    
   38.4099998     ,   97.7702560     ,   81.7794266    
   38.4850006     ,   97.7976837     ,   81.8149567    
   38.5600014     ,   97.8250732     ,   81.8502274    
   38.6350021     ,   97.8524399     ,   81.8853989    
   38.7100029     ,   97.8797531     ,   81.9205093    
   38.7849998     ,   97.9070282     ,   81.9555817    
   38.8600006     ,   97.9342575     ,   81.9906540    
   38.9350014     ,   97.9614868     ,   82.0256042    
   39.0100021     ,   97.9886551     ,   82.0605392    
   39.0850029     ,   98.0158310     ,   82.0954514    
   39.1599998     ,   98.0429459     ,   82.1302338    
   39.2350006     ,   98.0700607     ,   82.1650238    
   39.3100014     ,   98.0970993     ,   82.1997147    
   39.3850021     ,   98.1241455     ,   82.2343216    
   39.4600029     ,   98.1511307     ,   82.2689362    
   39.5349998     ,   98.1781158     ,   82.3034744    
   39.6100006     ,   98.2049866     ,   82.3380051    
   39.6850014     ,   98.2318726     ,   82.3724747    
   39.7600021     ,   98.2587280     ,   82.4069290    
   39.8350029     ,   98.2855530     ,   82.4413834    
   39.9099998     ,   98.3123322     ,   82.4757004    
   39.9850006     ,   98.3391037     ,   82.5100098    
   40.0600014     ,   98.3658371     ,   82.5442886    
   40.1350021     ,   98.3925476     ,   82.5784760    
   40.2100029     ,   98.4192276     ,   82.6125870    
   40.2849998     ,   98.4458847     ,   82.6467056    
   40.3600006     ,   98.4724884     ,   82.6807785    
   40.4350014     ,   98.4990768     ,   82.7148285    
   40.5100021     ,   98.5256119     ,   82.7488098    
   40.5850029     ,   98.5521164     ,   82.7827835    
   40.6599998     ,   98.5785751     ,   82.8167267    
   40.7350006     ,   98.6050491     ,   82.8506775    
   40.8100014     ,   98.6314468     ,   82.8846054    
   40.8850021     ,   98.6578293     ,   82.9185333    
   40.9600029     ,   98.6842117     ,   82.9523773    
   41.0349998     ,   98.7105255     ,   82.9860840    
   41.1100006     ,   98.7368164     ,   83.0197144    
   41.1850014     ,   98.7630692     ,   83.0533218    
   41.2600021     ,   98.7893066     ,   83.0868301    
   41.3350029     ,   98.8154907     ,   83.1203537    
   41.4099998     ,   98.8416519     ,   83.1537628    
   41.4850006     ,   98.8677826     ,   83.1871490    
   41.5600014     ,   98.8938980     ,   83.2205048    
   41.6350021     ,   98.9199448     ,   83.2537613    
   41.7100029     ,   98.9460068     ,   83.2870102    
   41.7849998     ,   98.9720383     ,   83.3201828    
   41.8600006     ,   98.9980164     ,   83.3532486    
   41.9350014     ,   99.0239792     ,   83.3863373    
   42.0100021     ,   99.0499191     ,   83.4193420    
   42.0850029     ,   99.0758209     ,   83.4523544    
   42.1599998     ,   99.1016541     ,   83.4853668    
   42.2350006     ,   99.1275024     ,   83.5183258    
   42.3100014     ,   99.1532974     ,   83.5512619    
   42.3850021     ,   99.1790771     ,   83.5842285    
   42.4600029     ,   99.2048187     ,   83.6170578    
   42.5349998     ,   99.2305450     ,   83.6498337    
   42.6100006     ,   99.2562485     ,   83.6826096    
   42.6850014     ,   99.2819061     ,   83.7152786    
   42.7600021     ,   99.3075562     ,   83.7478867    
   42.8350029     ,   99.3331604     ,   83.7805176    
   42.9099998     ,   99.3587494     ,   83.8130646    
   42.9850006     ,   99.3842926     ,   83.8456192    
   43.0600014     ,   99.4098129     ,   83.8781128    
   43.1350021     ,   99.4352951     ,   83.9105759    
   43.2100029     ,   99.4607620     ,   83.9430084    
   43.2849998     ,   99.4861984     ,   83.9754410    
   43.3600006     ,   99.5116196     ,   84.0078583    
   43.4350014     ,   99.5370102     ,   84.0402679    
   43.5100021     ,   99.5623627     ,   84.0726089    
   43.5850029     ,   99.5877151     ,   84.1049423    
   43.6599998     ,   99.6130066     ,   84.1371918    
   43.7350006     ,   99.6382599     ,   84.1693344    
   43.8100014     ,   99.6634827     ,   84.2014542    
   43.8850021     ,   99.6886978     ,   84.2335052    
   43.9600029     ,   99.7138596     ,   84.2655411    
   44.0349998     ,   99.7390060     ,   84.2974854    
   44.1100006     ,   99.7641373     ,   84.3293991    
   44.1850014     ,   99.7892532     ,   84.3612671    
   44.2600021     ,   99.8143387     ,   84.3930664    
   44.3350029     ,   99.8393860     ,   84.4248428    
   44.4100037     ,   99.8644104     ,   84.4565430    
   44.4850006     ,   99.8893738     ,   84.4881668    
   44.5600014     ,   99.9143448     ,   84.5197983    
   44.6350021     ,   99.9392624     ,   84.5513535    
   44.7100029     ,   99.9641571     ,   84.5829163    
   44.7850037     ,   99.9890518     ,   84.6144943    
   44.8600006     ,   100.013908     ,   84.6460495    
   44.9350014     ,   100.038742     ,   84.6775589    
   45.0100021     ,   100.063560     ,   84.7090530    
   45.0850029     ,   100.088326     ,   84.7405472    
   45.1600037     ,   100.113091     ,   84.7719803    
   45.2350006     ,   100.137817     ,   84.8032990    
   45.3100014     ,   100.162476     ,   84.8346329    
   45.3850021     ,   100.187134     ,   84.8658676    
   45.4600029     ,   100.211777     ,   84.8970566    
   45.5350037     ,   100.236397     ,   84.9282379    
   45.6100006     ,   100.261002     ,   84.9593658    
   45.6850014     ,   100.285591     ,   84.9904556    
   45.7600021     ,   100.310135     ,   85.0214920    
   45.8350029     ,   100.334656     ,   85.0525513    
   45.9100037     ,   100.359177     ,   85.0835419    
   45.9850006     ,   100.383614     ,   85.1145477    
   46.0600014     ,   100.408058     ,   85.1455231    
   46.1350021     ,   100.432457     ,   85.1765137    
   46.2100029     ,   100.456848     ,   85.2074585    
   46.2850037     ,   100.481201     ,   85.2383728    
   46.3600006     ,   100.505554     ,   85.2692795    
   46.4350014     ,   100.529861     ,   85.3001175    
   46.5100021     ,   100.554146     ,   85.3308334    
   46.5850029     ,   100.578415     ,   85.3615417    
   46.6600037     ,   100.602646     ,   85.3921738    
   46.7350006     ,   100.626823     ,   85.4227905    
   46.8100014     ,   100.651009     ,   85.4533463    
   46.8850021     ,   100.675179     ,   85.4838486    
   46.9600029     ,   100.699303     ,   85.5143433    
   47.0350037     ,   100.723434     ,   85.5447388    
   47.1100006     ,   100.747513     ,   85.5751266    
   47.1850014     ,   100.771561     ,   85.6054077    
   47.2600021     ,   100.795593     ,   85.6356506    
   47.3350029     ,   100.819595     ,   85.6659012    
   47.4100037     ,   100.843544     ,   85.6961441    
   47.4850006     ,   100.867523     ,   85.7263336    
   47.5600014     ,   100.891457     ,   85.7565079    
   47.6350021     ,   100.915359     ,   85.7866898    
   47.7100029     ,   100.939262     ,   85.8168869    
   47.7850037     ,   100.963127     ,   85.8470078    
   47.8600006     ,   100.986969     ,   85.8771362    
   47.9350014     ,   101.010796     ,   85.9072342    
   48.0100021     ,   101.034569     ,   85.9372482    
   48.0850029     ,   101.058334     ,   85.9672089    
   48.1600037     ,   101.082077     ,   85.9971619    
   48.2350006     ,   101.105804     ,   86.0270309    
   48.3100014     ,   101.129478     ,   86.0568542    
   48.3850021     ,   101.153175     ,   86.0866394    
   48.4600029     ,   101.176849     ,   86.1163940    
   48.5350037     ,   101.200470     ,   86.1461487    
   48.6100006     ,   101.224091     ,   86.1758270    
   48.6850014     ,   101.247650     ,   86.2054825    
   48.7600021     ,   101.271217     ,   86.2351532    
   48.8350029     ,   101.294769     ,   86.2647934    
   48.9100037     ,   101.318268     ,   86.2944489    
   48.9850006     ,   101.341774     ,   86.3240509    
   49.0600014     ,   101.365227     ,   86.3536682    
   49.1350021     ,   101.388649     ,   86.3832626    
   49.2100029     ,   101.412071     ,   86.4128342    
   49.2850037     ,   101.435440     ,   86.4423752    
   49.3600006     ,   101.458786     ,   86.4718399    
   49.4350014     ,   101.482155     ,   86.5012131    
   49.5100021     ,   101.505455     ,   86.5305786    
   49.5850029     ,   101.528770     ,   86.5598679    
   49.6600037     ,   101.552048     ,   86.5891418    
   49.7350006     ,   101.575287     ,   86.6183243    
   49.8100014     ,   101.598518     ,   86.6474991    
   49.8850021     ,   101.621727     ,   86.6766357    
   49.9600029     ,   101.644913     ,   86.7056961    
   50.0350037     ,   101.668068     ,   86.7347717    
   50.1100006     ,   101.691200     ,   86.7638397    
   50.1850014     ,   101.714333     ,   86.7928085    
   50.2600021     ,   101.737442     ,   86.8217468    
   50.3350029     ,   101.760498     ,   86.8506546    
   50.4100037     ,   101.783562     ,   86.8795776    
   50.4850006     ,   101.806572     ,   86.9084473    
   50.5600014     ,   101.829575     ,   86.9373093    
   50.6350021     ,   101.852554     ,   86.9661942    
   50.7100029     ,   101.875519     ,   86.9950562    
   50.7850037     ,   101.898468     ,   87.0238571    
   50.8600006     ,   101.921394     ,   87.0526505    
   50.9350014     ,   101.944290     ,   87.0814285    
   51.0100021     ,   101.967178     ,   87.1101074    
   51.0850029     ,   101.990028     ,   87.1387482    
   51.1600037     ,   102.012878     ,   87.1673889    
   51.2350006     ,   102.035698     ,   87.1959457    
   51.3100014     ,   102.058495     ,   87.2244492    
   51.3850021     ,   102.081276     ,   87.2529602    
   51.4600029     ,   102.104004     ,   87.2814560    
   51.5350037     ,   102.126740     ,   87.3099060    
   51.6100006     ,   102.149429     ,   87.3383636    
   51.6850014     ,   102.172104     ,   87.3667603    
   51.7600021     ,   102.194763     ,   87.3951263    
   51.8350029     ,   102.217415     ,   87.4235077    
   51.9100037     ,   102.240036     ,   87.4518356    
   51.9850006     ,   102.262627     ,   87.4801788    
   52.0600014     ,   102.285210     ,   87.5085144    
   52.1350021     ,   102.307732     ,   87.5368042    
   52.2100029     ,   102.330269     ,   87.5651016    
   52.2850037     ,   102.352783     ,   87.5933609    
   52.3600006     ,   102.375259     ,   87.6216049    
   52.4350014     ,   102.397743     ,   87.6497574    
   52.5100021     ,   102.420166     ,   87.6778488    
   52.5850029     ,   102.442596     ,   87.7059250    
   52.6600037     ,   102.465004     ,   87.7339172    
   52.7350006     ,   102.487389     ,   87.7619171    
   52.8100014     ,   102.509766     ,   87.7899170    
   52.8850021     ,   102.532112     ,   87.8178253    
   52.9600029     ,   102.554436     ,   87.8457184    
   53.0350037     ,   102.576736     ,   87.8735886    
   53.1100006     ,   102.599030     ,   87.9013977    
   53.1850014     ,   102.621262     ,   87.9292068    
   53.2600021     ,   102.643509     ,   87.9569702    
   53.3350029     ,   102.665733     ,   87.9846954    
   53.4100037     ,   102.687950     ,   88.0123672    
   53.4850006     ,   102.710152     ,   88.0400162    
   53.5600014     ,   102.732307     ,   88.0676727    
   53.6350021     ,   102.754448     ,   88.0952606    
   53.7100029     ,   102.776581     ,   88.1228714    
   53.7850037     ,   102.798691     ,   88.1504669    
   53.8600006     ,   102.820786     ,   88.1780472    
   53.9350014     ,   102.842842     ,   88.2055893    
   54.0100021     ,   102.864883     ,   88.2331238    
   54.0850029     ,   102.886917     ,   88.2606201    
   54.1600037     ,   102.908905     ,   88.2881088    
   54.2350006     ,   102.930885     ,   88.3155518    
   54.3100014     ,   102.952881     ,   88.3429642    
   54.3850021     ,   102.974808     ,   88.3703232    
   54.4600029     ,   102.996719     ,   88.3976517    
   54.5350037     ,   103.018608     ,   88.4249115    
   54.6100006     ,   103.040497     ,   88.4521713    
   54.6850014     ,   103.062363     ,   88.4794388    
   54.7600021     ,   103.084213     ,   88.5066605    
   54.8350029     ,   103.106033     ,   88.5338364    
   54.9100037     ,   103.127823     ,   88.5609894    
   54.9850006     ,   103.149620     ,   88.5881119    
   55.0600014     ,   103.171371     ,   88.6152344    
   55.1350021     ,   103.193130     ,   88.6423569    
   55.2100029     ,   103.214874     ,   88.6694489    
   55.2850037     ,   103.236572     ,   88.6965256    
   55.3600006     ,   103.258247     ,   88.7235641    
   55.4350014     ,   103.279915     ,   88.7506104    
   55.5100021     ,   103.301575     ,   88.7776337    
   55.5850029     ,   103.323204     ,   88.8046417    
   55.6600037     ,   103.344826     ,   88.8316345    
   55.7350006     ,   103.366402     ,   88.8585815    
   55.8100014     ,   103.387985     ,   88.8854523    
   55.8850021     ,   103.409554     ,   88.9122849    
   55.9600029     ,   103.431107     ,   88.9390564    
   56.0350037     ,   103.452621     ,   88.9658279    
   56.1100006     ,   103.474136     ,   88.9926147    
   56.1850014     ,   103.495613     ,   89.0192871    
   56.2600021     ,   103.517082     ,   89.0459671    
   56.3350029     ,   103.538521     ,   89.0726395    
   56.4100037     ,   103.559944     ,   89.0992126    
   56.4850006     ,   103.581352     ,   89.1257935    
   56.5600014     ,   103.602737     ,   89.1523514    
   56.6350021     ,   103.624138     ,   89.1788635    
   56.7100029     ,   103.645477     ,   89.2053528    
   56.7850037     ,   103.666801     ,   89.2318115    
   56.8600006     ,   103.688118     ,   89.2582779    
   56.9350014     ,   103.709404     ,   89.2847137    
   57.0100021     ,   103.730690     ,   89.3111191    
   57.0850029     ,   103.751945     ,   89.3375168    
   57.1600037     ,   103.773201     ,   89.3639069    
   57.2350006     ,   103.794426     ,   89.3902893    
   57.3100014     ,   103.815605     ,   89.4166489    
   57.3850021     ,   103.836807     ,   89.4429474    
   57.4600029     ,   103.857971     ,   89.4692612    
   57.5350037     ,   103.879105     ,   89.4955368    
   57.6100006     ,   103.900230     ,   89.5218048    
   57.6850014     ,   103.921349     ,   89.5480042    
   57.7600021     ,   103.942459     ,   89.5741577    
   57.8350029     ,   103.963524     ,   89.6002960    
   57.9100037     ,   103.984589     ,   89.6263504    
   57.9850006     ,   104.005638     ,   89.6524277    
   58.0600014     ,   104.026657     ,   89.6784821    
   58.1350021     ,   104.047691     ,   89.7045288    
   58.2100029     ,   104.068680     ,   89.7305832    
   58.2850037     ,   104.089653     ,   89.7565918    
   58.3600006     ,   104.110619     ,   89.7825699    
   58.4350014     ,   104.131569     ,   89.8085251    
   58.5100021     ,   104.152504     ,   89.8344650    
   58.5850029     ,   104.173401     ,   89.8603745    
   58.6600037     ,   104.194328     ,   89.8863068    
   58.7350006     ,   104.215172     ,   89.9121704    
   58.8100014     ,   104.236046     ,   89.9380569    
   58.8850021     ,   104.256859     ,   89.9639053    
   58.9600029     ,   104.277679     ,   89.9897461    
   59.0350037     ,   104.298477     ,   90.0155716    
   59.1100006     ,   104.319267     ,   90.0413742    
   59.1850014     ,   104.340012     ,   90.0671387    
   59.2600021     ,   104.360756     ,   90.0928345    
   59.3350029     ,   104.381454     ,   90.1184998    
   59.4100037     ,   104.402206     ,   90.1441193    
   59.4850006     ,   104.422874     ,   90.1697235    
   59.5600014     ,   104.443565     ,   90.1953125    
   59.6350021     ,   104.464226     ,   90.2209167    
   59.7100029     ,   104.484863     ,   90.2464676    
   59.7850037     ,   104.505470     ,   90.2719650    
   59.8600006     ,   104.526085     ,   90.2974548    
   59.9350014     ,   104.546654     ,   90.3228912    
   60.0100021     ,   104.567238     ,   90.3483047    
   60.0850029     ,   104.587807     ,   90.3737183    
   60.1600037     ,   104.608353     ,   90.3990707    
   60.2350006     ,   104.628868     ,   90.4244003    
   60.3100014     ,   104.649376     ,   90.4497147    
   60.3850021     ,   104.669868     ,   90.4750290    
   60.4600029     ,   104.690346     ,   90.5003128    
   60.5350037     ,   104.710815     ,   90.5255661    
   60.6100006     ,   104.731270     ,   90.5507965    
   60.6850014     ,   104.751709     ,   90.5760345    
   60.7600021     ,   104.772133     ,   90.6012726    
   60.8350029     ,   104.792549     ,   90.6264725    
   60.9100037     ,   104.812920     ,   90.6516571    
   60.9850006     ,   104.833305     ,   90.6768188    
   61.0600014     ,   104.853661     ,   90.7019806    
   61.1350021     ,   104.873978     ,   90.7271347    
   61.2100029     ,   104.894279     ,   90.7522278    
   61.2850037     ,   104.914581     ,   90.7772980    
   61.3600006     ,   104.934845     ,   90.8023453    
   61.4350014     ,   104.955109     ,   90.8273163    
   61.5100021     ,   104.975357     ,   90.8522644    
   61.5850029     ,   104.995583     ,   90.8772125    
   61.6600037     ,   105.015808     ,   90.9021149    
   61.7350006     ,   105.036011     ,   90.9270172    
   61.8100014     ,   105.056190     ,   90.9519424    
   61.8850021     ,   105.076355     ,   90.9767990    
   61.9600029     ,   105.096512     ,   91.0016174    
   62.0350037     ,   105.116653     ,   91.0264511    
   62.1100006     ,   105.136749     ,   91.0512619    
   62.1850014     ,   105.156853     ,   91.0760422    
   62.2600021     ,   105.176926     ,   91.1008301    
   62.3350029     ,   105.196983     ,   91.1256180    
   62.4100037     ,   105.217041     ,   91.1503906    
   62.4850006     ,   105.237083     ,   91.1751404    
   62.5600014     ,   105.257103     ,   91.1998749    
   62.6350021     ,   105.277115     ,   91.2245865    
   62.7100029     ,   105.297112     ,   91.2492828    
   62.7850037     ,   105.317070     ,   91.2739868    
   62.8600006     ,   105.337036     ,   91.2986145    
   62.9350014     ,   105.356979     ,   91.3231735    
   63.0100021     ,   105.376907     ,   91.3477097    
   63.0850029     ,   105.396835     ,   91.3722153    
   63.1600037     ,   105.416740     ,   91.3967056    
   63.2350006     ,   105.436623     ,   91.4211655    
   63.3100014     ,   105.456520     ,   91.4456635    
   63.3850021     ,   105.476341     ,   91.4701080    
   63.4600029     ,   105.496216     ,   91.4945068    
   63.5350037     ,   105.516029     ,   91.5188751    
   63.6100044     ,   105.535866     ,   91.5432434    
   63.6850014     ,   105.555611     ,   91.5675888    
   63.7600021     ,   105.575417     ,   91.5919113    
   63.8350029     ,   105.595154     ,   91.6162262    
   63.9100037     ,   105.614899     ,   91.6404648    
   63.9850044     ,   105.634621     ,   91.6647110    
   64.0600052     ,   105.654350     ,   91.6889267    
   64.1350021     ,   105.674042     ,   91.7131271    
   64.2099991     ,   105.693726     ,   91.7373276    
   64.2850037     ,   105.713371     ,   91.7614746    
   64.3600006     ,   105.733032     ,   91.7856140    
   64.4350052     ,   105.752655     ,   91.8097382    
   64.5100021     ,   105.772308     ,   91.8338776    
   64.5849991     ,   105.791893     ,   91.8579865    
   64.6600037     ,   105.811485     ,   91.8820877    
   64.7350006     ,   105.831047     ,   91.9061432    
   64.8100052     ,   105.850624     ,   91.9302216    
   64.8850021     ,   105.870132     ,   91.9542542    
   64.9599991     ,   105.889679     ,   91.9782486    
   65.0350037     ,   105.909203     ,   92.0022583    
   65.1100006     ,   105.928696     ,   92.0262527    
   65.1850052     ,   105.948174     ,   92.0502167    
   65.2600021     ,   105.967667     ,   92.0740967    
   65.3349991     ,   105.987137     ,   92.0979614    
   65.4100037     ,   106.006584     ,   92.1218262    
   65.4850006     ,   106.026031     ,   92.1456757    
   65.5600052     ,   106.045464     ,   92.1695023    
   65.6350021     ,   106.064888     ,   92.1932983    
   65.7099991     ,   106.084290     ,   92.2171021    
   65.7850037     ,   106.103676     ,   92.2408524    
   65.8600006     ,   106.123070     ,   92.2646027    
   65.9350052     ,   106.142410     ,   92.2883148    
   66.0100021     ,   106.161766     ,   92.3120270    
   66.0849991     ,   106.181076     ,   92.3357315    
   66.1600037     ,   106.200363     ,   92.3594437    
   66.2350006     ,   106.219643     ,   92.3831177    
   66.3100052     ,   106.238930     ,   92.4067841    
   66.3850021     ,   106.258171     ,   92.4304428    
   66.4599991     ,   106.277397     ,   92.4540939    
   66.5350037     ,   106.296608     ,   92.4777222    
   66.6100006     ,   106.315819     ,   92.5013428    
   66.6850052     ,   106.334991     ,   92.5249863    
   66.7600021     ,   106.354149     ,   92.5485458    
   66.8349991     ,   106.373291     ,   92.5720367    
   66.9100037     ,   106.392418     ,   92.5955200    
   66.9850006     ,   106.411545     ,   92.6189499    
   67.0600052     ,   106.430656     ,   92.6423798    
   67.1350021     ,   106.449753     ,   92.6657867    
   67.2099991     ,   106.468834     ,   92.6892166    
   67.2850037     ,   106.487915     ,   92.7125931    
   67.3600006     ,   106.506966     ,   92.7359085    
   67.4350052     ,   106.526016     ,   92.7592392    
   67.5100021     ,   106.545067     ,   92.7825623    
   67.5849991     ,   106.564102     ,   92.8058319    
   67.6600037     ,   106.583122     ,   92.8291092    
   67.7350006     ,   106.602135     ,   92.8523865    
   67.8100052     ,   106.621140     ,   92.8756332    
   67.8850021     ,   106.640144     ,   92.8988342    
   67.9599991     ,   106.659142     ,   92.9220123    
   68.0350037     ,   106.678123     ,   92.9451981    
   68.1100006     ,   106.697113     ,   92.9683456    
   68.1850052     ,   106.716095     ,   92.9915085    
   68.2600021     ,   106.735062     ,   93.0146103    
   68.3349991     ,   106.754005     ,   93.0376968    
   68.4100037     ,   106.772972     ,   93.0607910    
   68.4850006     ,   106.791939     ,   93.0838776    
   68.5600052     ,   106.810799     ,   93.1069336    
   68.6350021     ,   106.829651     ,   93.1299820    
   68.7099991     ,   106.848587     ,   93.1529770    
   68.7850037     ,   106.867546     ,   93.1760406    
   68.8600006     ,   106.886292     ,   93.1990128    
   68.9350052     ,   106.904968     ,   93.2219772    
   69.0100021     ,   106.923920     ,   93.2449417    
   69.0849991     ,   106.942551     ,   93.2678680    
   69.1600037     ,   106.961311     ,   93.2908020    
   69.2350006     ,   106.980103     ,   93.3137283    
   69.3100052     ,   106.998695     ,   93.3365707    
   69.3850021     ,   107.017288     ,   93.3594208    
   69.4599991     ,   107.036018     ,   93.3822479    
   69.5350037     ,   107.054604     ,   93.4050751    
   69.6100006     ,   107.073196     ,   93.4278717    
   69.6850052     ,   107.091774     ,   93.4506302    
   69.7600021     ,   107.110352     ,   93.4734116    
   69.8349991     ,   107.128922     ,   93.4961243    
   69.9100037     ,   107.147484     ,   93.5188446    
   69.9850006     ,   107.166046     ,   93.5415497    
   70.0600052     ,   107.184608     ,   93.5642319    
   70.1350021     ,   107.203156     ,   93.5868912    
   70.2099991     ,   107.221703     ,   93.6095581    
   70.2850037     ,   107.240219     ,   93.6322250    
   70.3600006     ,   107.258759     ,   93.6548538    
   70.4350052     ,   107.277283     ,   93.6774826    
   70.5100021     ,   107.295784     ,   93.7000885    
   70.5849991     ,   107.314293     ,   93.7227020    
   70.6600037     ,   107.332787     ,   93.7453308    
   70.7350006     ,   107.351265     ,   93.7679291    
   70.8100052     ,   107.369743     ,   93.7905273    
   70.8850021     ,   107.388199     ,   93.8130646    
   70.9599991     ,   107.406662     ,   93.8355408    
   71.0350037     ,   107.425117     ,   93.8579941    
   71.1100006     ,   107.443535     ,   93.8804169    
   71.1850052     ,   107.461945     ,   93.9028320    
   71.2600021     ,   107.480354     ,   93.9252319    
   71.3349991     ,   107.498741     ,   93.9476395    
   71.4100037     ,   107.517128     ,   93.9700012    
   71.4850006     ,   107.535477     ,   93.9923248    
   71.5600052     ,   107.553833     ,   94.0146484    
   71.6350021     ,   107.572144     ,   94.0369492    
   71.7099991     ,   107.590469     ,   94.0591965    
   71.7850037     ,   107.608772     ,   94.0814667    
   71.8600006     ,   107.627052     ,   94.1037292    
   71.9350052     ,   107.645325     ,   94.1259995    
   72.0100021     ,   107.663574     ,   94.1482468    
   72.0849991     ,   107.681778     ,   94.1704712    
   72.1600037     ,   107.700035     ,   94.1926575    
   72.2350006     ,   107.718216     ,   94.2148361    
   72.3100052     ,   107.736404     ,   94.2369919    
   72.3850021     ,   107.754578     ,   94.2591476    
   72.4599991     ,   107.772743     ,   94.2812576    
   72.5350037     ,   107.790901     ,   94.3033676    
   72.6100006     ,   107.809044     ,   94.3254700    
   72.6850052     ,   107.827171     ,   94.3475571    
   72.7600021     ,   107.845306     ,   94.3695831    
   72.8349991     ,   107.863426     ,   94.3916397    
   72.9100037     ,   107.881523     ,   94.4136810    
   72.9850006     ,   107.899620     ,   94.4357071    
   73.0600052     ,   107.917709     ,   94.4576950    
   73.1350021     ,   107.935791     ,   94.4796524    
   73.2100067     ,   107.953827     ,   94.5016327    
   73.2850037     ,   107.971886     ,   94.5235977    
   73.3600006     ,   107.989922     ,   94.5455322    
   73.4350052     ,   108.007950     ,   94.5674820    
   73.5100021     ,   108.025970     ,   94.5894241    
   73.5850067     ,   108.043961     ,   94.6112747    
   73.6600037     ,   108.061943     ,   94.6331329    
   73.7350006     ,   108.079926     ,   94.6549759    
   73.8100052     ,   108.097893     ,   94.6767960    
   73.8850021     ,   108.115829     ,   94.6986160    
   73.9600067     ,   108.133797     ,   94.7204132    
   74.0350037     ,   108.151703     ,   94.7421722    
   74.1100006     ,   108.169617     ,   94.7639008    
   74.1850052     ,   108.187515     ,   94.7856369    
   74.2600021     ,   108.205391     ,   94.8073654    
   74.3350067     ,   108.223259     ,   94.8290405    
   74.4100037     ,   108.241112     ,   94.8507233    
   74.4850006     ,   108.258942     ,   94.8724213    
   74.5600052     ,   108.276772     ,   94.8940735    
   74.6350021     ,   108.294594     ,   94.9157639    
   74.7100067     ,   108.312416     ,   94.9374313    
   74.7850037     ,   108.330223     ,   94.9590530    
   74.8600006     ,   108.347992     ,   94.9806900    
   74.9350052     ,   108.365761     ,   95.0023270    
